video_id,comment,processed_comment
KGn-erOG-Bs,Sonam bajwa looking â¤ï¸ in this song,sonam bajwa looking in this song
KGn-erOG-Bs,This song needed more Chitrangada screen time.,this song needed more chitrangada screen time
KGn-erOG-Bs,Every housefull movie ğŸ”¥ğŸ”¥ â¤â¤,every housefull movie
KGn-erOG-Bs,Where is G-yan,where is yan
KGn-erOG-Bs,Only for honey singh and sonam banjwa â¤,only for honey singh and sonam banjwa
KGn-erOG-Bs,Yo Yo Honey singh â¤â¤â¤â¤â¤â¤â¤,yo yo honey singh
KGn-erOG-Bs,This movie should be a blockbuster,this movie should be blockbuster
KGn-erOG-Bs,Ek hi song mein poori movie ka promotion ho gaya this is the power of yo yo paaji â¤â¤,ek hi song mein poori movie ka promotion ho gaya this is the power of yo yo paaji
KGn-erOG-Bs,Housefull 5 release hote to 100million pahucha do isko,housefull release hote to million pahucha do isko
KGn-erOG-Bs,63M on 23.05.2025 at 9 am,on at am
KGn-erOG-Bs,Whos nora fatehi when Jacqueline is here,whos nora fatehi when jacqueline is here
KGn-erOG-Bs,"Take care of 
Body :-exercise
Mind :-sleep if at at least 7hr 
Soul:- meditation

Joined a good institution even if its cost little bit of money and just follow them 
. Dont go beyond dpps, module and pyq of mains and advance this much is enough for getting any rank you want",take care of body exercise mind sleep if at at least hr soul meditation joined good institution even if its cost little bit of money and just follow them dont go beyond dpps module and pyq of mains and advance this much is enough for getting any rank you want
KGn-erOG-Bs,His on ğŸ”¥ğŸ”¥ğŸ’¯ğŸ’¯ğŸ’¯ğŸ’¯ğŸ’¯ğŸ’¯,his on
KGn-erOG-Bs,.honey singh is back,honey singh is back
KGn-erOG-Bs,Real honey singh is backğŸ”¥ğŸ”¥ğŸ”¥ğŸ”¥ğŸ”¥,real honey singh is back
KGn-erOG-Bs,Ruhela fresco burail,ruhela fresco burail
KGn-erOG-Bs,Love from Bangladesh â¤,love from bangladesh
KGn-erOG-Bs,"If this is call music, then I am never gonna listen to music..",if this is call music then am never gonna listen to music
KGn-erOG-Bs,Honey Singh Bluetooth era back,honey singh bluetooth era back
KGn-erOG-Bs,Real Gabbar is back SD,real gabbar is back sd
KGn-erOG-Bs,Why chitrangda Singh is background dancer,why chitrangda singh is background dancer
KGn-erOG-Bs,"Beautiful Songâ¤
I Like to say thanks for my lovely â¤ 34 â¤ unique subscribers. ğŸ‰ğŸ‰ğŸ‰",beautiful song like to say thanks for my lovely unique subscribers
KGn-erOG-Bs,Glad they didn't choose Neha Kakkar for this song..!!ğŸ˜­ğŸ™ğŸ»ğŸ˜‚ğŸ˜‚ğŸ”¥ğŸ”¥ğŸ”¥â¤ï¸â¤ï¸,glad they didn choose neha kakkar for this song
KGn-erOG-Bs,"1st comedy film of 2025 and second film of the genre after stree 2.
Housefull 5 will fill the theaters go housefull â¤â¤â¤â¤",st comedy film of and second film of the genre after stree housefull will fill the theaters go housefull
KGn-erOG-Bs,Yes this kind of song we want instead of remix â¤,yes this kind of song we want instead of remix
KGn-erOG-Bs,Yo Yo Honey Singh,yo yo honey singh
KGn-erOG-Bs,Thank you for 16 subscribers you guys are awesome love you guysğŸ‰ğŸ‰ğŸ‰?'s hai ğŸ‰ğŸ‰,thank you for subscribers you guys are awesome love you guys hai
KGn-erOG-Bs,Thank you for 16 subscribers you guys are awesome love you guysğŸ‰ğŸ‰ğŸ‰?'s hai ğŸ‰ğŸ‰,thank you for subscribers you guys are awesome love you guys hai
KGn-erOG-Bs,Ore item song kor bhai haif tubo aii,ore item song kor bhai haif tubo aii
KGn-erOG-Bs,Yo Yo,yo yo
KGn-erOG-Bs,Honey don't need a comeback..,honey don need comeback
KGn-erOG-Bs,"Yaar mtlb inse HOT toh aaj ke Time ki WWE FEMALE WRESTLERS hai just check them out from AEW, WWE, TNA",yaar mtlb inse hot toh aaj ke time ki wwe female wrestlers hai just check them out from aew wwe tna
KGn-erOG-Bs,TRENDING SINCE TWO WEEKS .ğŸ¤˜ğŸ¤˜ğŸ¤˜,trending since two weeks
KGn-erOG-Bs,This song is my favourite â¤â¤,this song is my favourite
KGn-erOG-Bs,I love this song â¤â¤â¤â¤â¤,i love this song
KGn-erOG-Bs,Waiting for Housefull 5ğŸ”¥â¤ï¸,waiting for housefull
KGn-erOG-Bs,Honey singh 0:10,honey singh
KGn-erOG-Bs,Tea was fantastic ğŸ˜‚,tea was fantastic
KGn-erOG-Bs,Goddamn Soundarya sharma ..slaying wid just 2 main scene,goddamn soundarya sharma slaying wid just main scene
KGn-erOG-Bs,100 M complete Krwa Do Guys,complete krwa do guys
KGn-erOG-Bs,Rap god in full form â¤â¤  OG  OGğŸ‰ğŸ‰,rap god in full form og og
KGn-erOG-Bs,New party song ğŸµ ğŸ‰,new party song
KGn-erOG-Bs,You can know about the same thing ğŸ˜‚ğŸ˜‰ğŸ˜‚,you can know about the same thing
KGn-erOG-Bs,Thank you guys for 24 subscriber ğŸ˜¢,thank you guys for subscriber
KGn-erOG-Bs,Female  singer ka voice  bouth irritating  ha,female singer ka voice bouth irritating ha
KGn-erOG-Bs,"Wow amazing
Red angel â¤ï¸",wow amazing red angel
KGn-erOG-Bs,Please seck out my profile for daily new Hindi song.ğŸ‘,please seck out my profile for daily new hindi song
KGn-erOG-Bs,Yo yo Honey Singhâ¤â¤â¤â¤ğŸ˜ŠğŸ˜ŠğŸ˜ŠğŸ˜ŠğŸ˜ŠğŸ˜ŠğŸ˜Š love u paji,yo yo honey singh love paji
KGn-erOG-Bs,Bollywood song trending no.1,bollywood song trending no
KGn-erOG-Bs,The song is super,the song is super
KGn-erOG-Bs,Why they add a touch of cleavage to all songs ğŸ™ğŸ™ğŸ—¿ğŸ˜­ğŸ˜­,why they add touch of cleavage to all songs
KGn-erOG-Bs,Wtf is this yr ğŸ˜’,wtf is this yr
KGn-erOG-Bs,Very very nice song â¤â¤â¤â¤â¤â¤â¤â¤â¤â¤â¤â¤,very very nice song
KGn-erOG-Bs,Honey Singh has the best music understood for indian culture.i am just grooving on his music,honey singh has the best music understood for indian culture am just grooving on his music
KGn-erOG-Bs,Bollywood is now just Satnic Ritual nothing left,bollywood is now just satnic ritual nothing left
KGn-erOG-Bs,Bhaichaara on Topâ¤â¤,bhaichaara on top
KGn-erOG-Bs,Honey Singh is back,honey singh is back
KGn-erOG-Bs,Housefull 5 ğŸ”¥,housefull
KGn-erOG-Bs,This song is somewhat similar to BTS  s 21st century...song...ğŸ˜ŠğŸ˜…ğŸ‰ğŸ‰ğŸ‰â¤ğŸ˜‚,this song is somewhat similar to bts st century song
KGn-erOG-Bs,Badsha crying in corner ğŸ˜‚ğŸ˜‚,badsha crying in corner
KGn-erOG-Bs,Female singer voice is unmatched vibe,female singer voice is unmatched vibe
KGn-erOG-Bs,Yo yo honey singh â¤ğŸ˜Š,yo yo honey singh
KGn-erOG-Bs,"I love the Female singer voice, à¥¤à¥¤à¥¤
Song of the yearà¥¤

Best female singer award goes to à¤²à¤¾à¤² à¤ªà¤°à¥€ song",i love the female singer voice song of the year best female singer award goes to song
KGn-erOG-Bs,Now this feels like BOLLYWOOD vibes ğŸ”¥,now this feels like bollywood vibes
KGn-erOG-Bs,Laal pati wo bhut acha song,laal pati wo bhut acha song
KGn-erOG-Bs,Super song yo yo honey Singh is all time favoriteâ¤â¤â¤,super song yo yo honey singh is all time favorite
KGn-erOG-Bs,My favourite song â¤â¤â¤â¤,my favourite song
KGn-erOG-Bs,Do you Hove a boyfriend,do you hove boyfriend
KGn-erOG-Bs,Hey t seris,hey seris
KGn-erOG-Bs,"Thanks for appreciating this verse so much
I am seeing that this song is getting popular after one and half year
Thanks for your love and support",thanks for appreciating this verse so much am seeing that this song is getting popular after one and half year thanks for your love and support
KGn-erOG-Bs,Yo yo honey Singh â¤,yo yo honey singh
KGn-erOG-Bs,One Thousan mile Video,one thousan mile video
KGn-erOG-Bs,We really need innovation in lyrics and choreography,we really need innovation in lyrics and choreography
KGn-erOG-Bs,I am yo yo fan but i truly feel is Honey singh's new songs  except for payal are below average they only get these view bcz of his popularity otherwise they feel like tony kakkar song  i think he is  focusing on countity more than quality i wish he takes more time and give a banger song like before,i am yo yo fan but truly feel is honey singh new songs except for payal are below average they only get these view bcz of his popularity otherwise they feel like tony kakkar song think he is focusing on countity more than quality wish he takes more time and give banger song like before
KGn-erOG-Bs,Yo yo honey Singh â¤,yo yo honey singh
KGn-erOG-Bs,Headache song!,headache song
KGn-erOG-Bs,Yoyo honey singhâ¤,yoyo honey singh
KGn-erOG-Bs,Average repetitive rhyme song ğŸ˜,average repetitive rhyme song
KGn-erOG-Bs,"Trending no. 1 .....

Old HONEY SHINGH is Back .........!",trending no old honey shingh is back
KGn-erOG-Bs,Wow wonderful ğŸ‰ğŸ‰ğŸ‰ğŸ‰,wow wonderful
KGn-erOG-Bs,The king of music,the king of music
KGn-erOG-Bs,Yo yo honey singh â¤,yo yo honey singh
KGn-erOG-Bs,House full hone wala hağŸ‰ğŸ¥‚,house full hone wala ha
KGn-erOG-Bs,Sahi bolu to honey Singh bollywood jaane se apne gaane ji sattya pitwaade ga  ğŸ˜¢ğŸ˜¢ğŸ˜¢ğŸ˜¢ sahi main honye singh ne lyrics gaye bole ha maza nhi aya bas ladki ke lyrics ache bus ğŸ˜¢ğŸ˜¢,sahi bolu to honey singh bollywood jaane se apne gaane ji sattya pitwaade ga sahi main honye singh ne lyrics gaye bole ha maza nhi aya bas ladki ke lyrics ache bus
KGn-erOG-Bs,What a song man..... Extraordinary.. Loved itâ¤... Its going to song of the year â¤ï¸,what song man extraordinary loved it its going to song of the year
KGn-erOG-Bs,YoYo â¤â¤â¤â¤â¤,yoyo
KGn-erOG-Bs,No one can beat this song and this music ğŸ˜‚ yo yo honey singh,no one can beat this song and this music yo yo honey singh
KGn-erOG-Bs,Bro yo yo honey  Singh ne hi female voice ko next level Kiya h yo yo honey sinfhâ¤â¤â¤,bro yo yo honey singh ne hi female voice ko next level kiya yo yo honey sinfh
KGn-erOG-Bs,Any tamil people,any tamil people
KGn-erOG-Bs,This song will hit 1 billion views in two months,this song will hit billion views in two months
KGn-erOG-Bs,Is se accha bala tha,is se accha bala tha
KGn-erOG-Bs,"What the hell is laal pari ğŸ™ƒ,i am confused ğŸ¤”",what the hell is laal pari am confused
KGn-erOG-Bs,Honey Singh â¤â¤ Always my favourite â¤â¤,honey singh always my favourite
KGn-erOG-Bs,Honey paji is back vibe like back days,honey paji is back vibe like back days
KGn-erOG-Bs,Thank you for your 27 subscribeers ğŸ‰,thank you for your subscribeers
KGn-erOG-Bs,Female voice take this to next level ğŸ’¥,female voice take this to next level
KGn-erOG-Bs,Daily watchable ğŸ˜‚ğŸ˜‚Go for millions+Likes........ğŸ¥ğŸ’¥ğŸ¿âœ…ğŸ¥°,daily watchable go for millions likes
KGn-erOG-Bs,The third one don't no how to dance,the third one don no how to dance
KGn-erOG-Bs,"No badshah , no raftaar......

Everywhere one and only honey singh.",no badshah no raftaar everywhere one and only honey singh
KGn-erOG-Bs,Let's go for 100M ğŸ”¥,let go for
KGn-erOG-Bs,What a catchy music !!! ğŸ§ ğŸ¤¯ğŸ’¯,what catchy music
KGn-erOG-Bs,Yo yo honey Singh is King,yo yo honey singh is king
KGn-erOG-Bs,That's our Honey Paaji ğŸ¥‡,that our honey paaji
KGn-erOG-Bs,2g era is back yo yo honey Singh â¤â¤,era is back yo yo honey singh
KGn-erOG-Bs,â¤â¤YoYoâ¤â¤â¤â¤â¤,yoyo
KGn-erOG-Bs,Wow nice lyrics ğŸ–¤ğŸ’«âœ¨,wow nice lyrics
KGn-erOG-Bs,Oldest hony,oldest hony
KGn-erOG-Bs,Yo yo honey Singh â¤â¤â¤,yo yo honey singh
KGn-erOG-Bs,"*Yo yo Honey singh*
Must be in starting of song",yo yo honey singh must be in starting of song
KGn-erOG-Bs,Very Nice Song â¤ï¸ğŸ”¥ğŸ«¶,very nice song
KGn-erOG-Bs,Pura ka pura bollywood industry in one song lall pari song,pura ka pura bollywood industry in one song lall pari song
KGn-erOG-Bs,"Lall pari song is ğŸ˜ˆğŸ˜ˆğŸ’€ğŸ’€â˜ ï¸â˜ ï¸ğŸ”¥ğŸ”¥ğŸ”¥ğŸ”¥
But  after  the lall pari song is lanched garmi song be like me to chutia hun yaar lall pari song ke samne ğŸ«¨ğŸ«¨ğŸ˜µâ€ğŸ’«ğŸ˜µâ€ğŸ’«ğŸ˜¢ğŸ˜¢ğŸ˜¢ğŸ˜¢ğŸ˜¥ğŸ˜¥     Yo yo honey Singh is ğŸ”¥ğŸ”¥ğŸ”¥ğŸ”¥ğŸ’€ğŸ’€
Badsah after yo yo honey Singh comeback be like ğŸ˜·ğŸ¤•ğŸ¤•ğŸ¤§ğŸ¤§ğŸ˜µâ€ğŸ’«ğŸ˜µâ€ğŸ’«ğŸ˜­ğŸ˜­",lall pari song is but after the lall pari song is lanched garmi song be like me to chutia hun yaar lall pari song ke samne yo yo honey singh is badsah after yo yo honey singh comeback be like
KGn-erOG-Bs,Housefull setting standards after every sequel ğŸ”¥â¤,housefull setting standards after every sequel
KGn-erOG-Bs,bluetooth aura is back,bluetooth aura is back
KGn-erOG-Bs,I love this songâ¤â¤â¤â¤â¤ğŸ˜ŠğŸ˜ŠğŸ˜ŠğŸ˜ŠğŸ˜Š,i love this song
KGn-erOG-Bs,19 days and itâ€™s trending on #1,days and it trending on
KGn-erOG-Bs,Bluetooth king,bluetooth king
KGn-erOG-Bs,What a crap song. Utter disgrace.,what crap song utter disgrace
KGn-erOG-Bs,who thinks sonam looks more hot than other hac and nargis?,who thinks sonam looks more hot than other hac and nargis
KGn-erOG-Bs,"""Yo Yo Honey Singh is back with a bang! 'Laal Pari' totally sets the vibe on fire! The beats, the style, the energy â€“ everything is just superhit! Definitely a song to dance to!"" â¤ğŸ‰ğŸ‰ ğŸ‰",yo yo honey singh is back with bang laal pari totally sets the vibe on fire the beats the style the energy everything is just superhit definitely song to dance to
KGn-erOG-Bs,Yo yo honey Singh â™¥ï¸ğŸ™ to bol de,yo yo honey singh to bol de
KGn-erOG-Bs,The hook stepğŸ™Œ,the hook step
KGn-erOG-Bs,Next ğŸ’£ from bollywood,next from bollywood
KGn-erOG-Bs,It was magic when honey Singh started to rap.,it was magic when honey singh started to rap
KGn-erOG-Bs,Thanks for 50 subscriber's ğŸ˜…â¤,thanks for subscriber
KGn-erOG-Bs,Aujla looking handsome then Vicky,aujla looking handsome then vicky
KGn-erOG-Bs,Who watching 2026ğŸ˜‚,who watching
KGn-erOG-Bs,60 Million crossed ğŸ’¥,million crossed
KGn-erOG-Bs,Bhot asla pure 60 million views,bhot asla pure million views
KGn-erOG-Bs,Thanks for 18 subscribe â¤ğŸ˜…,thanks for subscribe
KGn-erOG-Bs,fantastic item song very nice ğŸ”¥ğŸ”¥ğŸ”¥ğŸ”¥ğŸ”¥ğŸ”¥ğŸ‘,fantastic item song very nice
KGn-erOG-Bs,Yo yo fans please like ğŸ‘,yo yo fans please like
KGn-erOG-Bs,House full 5 Girls are Fire..ğŸ”¥ğŸ”¥ Can't wait to see this in theater...ğŸ”¥ğŸ”¥,house full girls are fire can wait to see this in theater
KGn-erOG-Bs,"Finally not a remix, a fresh songğŸ’Ÿ",finally not remix fresh song
KGn-erOG-Bs,Super star....â¤ coming movie ğŸ¥,super star coming movie
KGn-erOG-Bs,Yo yo Honey Singh always Rock starğŸ‰ğŸ‰ğŸ‰ğŸ‰,yo yo honey singh always rock star
KGn-erOG-Bs,Yoi,yoi
KGn-erOG-Bs,"Ezcept Chingle wingle tingle,
Entire song sung by this unique voice female, don't know why every one praising Yu Yu",ezcept chingle wingle tingle entire song sung by this unique voice female don know why every one praising yu yu
KGn-erOG-Bs,Finally Old Raju Is Back In The Vedio,finally old raju is back in the vedio
KGn-erOG-Bs,Lal pari yo yo honey Singha is come back 2:31,lal pari yo yo honey singha is come back
KGn-erOG-Bs,Will Watch this movie only and only for Sonam.,will watch this movie only and only for sonam
KGn-erOG-Bs,Chitrangada fully ignored,chitrangada fully ignored
KGn-erOG-Bs,Who's listening 21 May,who listening may
KGn-erOG-Bs,when alfaaz on lyricsğŸ’€,when alfaaz on lyrics
KGn-erOG-Bs,Music ğŸ”¥ğŸ”¥,music
KGn-erOG-Bs,"Love From Bangladesh ğŸ‡§ğŸ‡© 
Hunny Singh is the Bigg Boss ğŸ§â™¥ï¸ğŸ¤Ÿ",love from bangladesh hunny singh is the bigg boss
KGn-erOG-Bs,Female voice in this songâ€¦.Next level,female voice in this song next level
KGn-erOG-Bs,Love this song,love this song
KGn-erOG-Bs,6 CR+,cr
KGn-erOG-Bs,"HoneY Singh 2024 
Glory album Blockbuster 

Now cracking Bollywood music 60 m+",honey singh glory album blockbuster now cracking bollywood music
KGn-erOG-Bs,"60 million 

Power of Hon-Y Singh ğŸ”¥ Music",million power of hon singh music
KGn-erOG-Bs,Music is OG ğŸ˜ HONEY PAAJI â¤â¤,music is og honey paaji
KGn-erOG-Bs,I love houseful series,i love houseful series
KGn-erOG-Bs,This song is one sided dominated by the female artist,this song is one sided dominated by the female artist
KGn-erOG-Bs,Very over acting casting all members Very over acting ğŸ­,very over acting casting all members very over acting
KGn-erOG-Bs,Female actors have done far better than their male counterparts.,female actors have done far better than their male counterparts
KGn-erOG-Bs,Og is back,og is back
KGn-erOG-Bs,Old Honey Singh is back ğŸ”¥,old honey singh is back
KGn-erOG-Bs,Yo Yo The Goat ğŸ¤ŒğŸ’¯ğŸ’œ,yo yo the goat
KGn-erOG-Bs,Yo yo era is back ready guysğŸ‰ğŸ‰ğŸ‰ğŸ‰ğŸ‰ğŸ‰ğŸ‰ğŸ‰ğŸ‰ğŸ‰ğŸ‰ğŸ‰ğŸ‰,yo yo era is back ready guys
KGn-erOG-Bs,Sonam Bajwa is fire,sonam bajwa is fire
KGn-erOG-Bs,Legend entry 2.26 second....â¤,legend entry second
KGn-erOG-Bs,The siran sample used by YYHS O.GğŸ”¥ğŸ’¯ğŸ—¿,the siran sample used by yyhs g
KGn-erOG-Bs,Honey Singh â¤â¤â¤â¤,honey singh
KGn-erOG-Bs,1:45 who is sheee,who is sheee
KGn-erOG-Bs,"Nice song laapari ,,,,,,,,,,,I love  you  always yoyo",nice song laapari love you always yoyo
KGn-erOG-Bs,60 million views completed ğŸ‰,million views completed
KGn-erOG-Bs,My favorite song li love this song so much â¤,my favorite song li love this song so much
KGn-erOG-Bs,Lal thik hai par housefull 5 i am excited,lal thik hai par housefull am excited
KGn-erOG-Bs,Old voice cracyğŸ˜®â¤ğŸ‰,old voice cracy
KGn-erOG-Bs,"Am I the only one who thinks they took a lot of background dancers for this ?
Canâ€™t even recognise half of the cast because of it",am the only one who thinks they took lot of background dancers for this can even recognise half of the cast because of it
KGn-erOG-Bs,Og honey is back,og honey is back
KGn-erOG-Bs,Sonam please don't waste your tallent in this kinda sh*ty franchise banners,sonam please don waste your tallent in this kinda sh ty franchise banners
KGn-erOG-Bs,Thik h I'm wat shidhu song,thik i wat shidhu song
KGn-erOG-Bs,Best yo yo honey singh â¤â¤â¤â¤â¤â¤â¤â¤â¤â¤â¤â¤â¤ my favourite singer â¤â¤â¤â¤â¤â¤,best yo yo honey singh my favourite singer
KGn-erOG-Bs,Yo yo : Old legendary attitude voice and female singer also sing very well,yo yo old legendary attitude voice and female singer also sing very well
KGn-erOG-Bs,Good song actually but honey singhs part kinda ruins it for me,good song actually but honey singhs part kinda ruins it for me
KGn-erOG-Bs,YO YO HONEY PAJJI ON TOP OF ALL TIME,yo yo honey pajji on top of all time
KGn-erOG-Bs,Honey Singhhhhhhh is back!!!ğŸ˜Š,honey singhhhhhhh is back
KGn-erOG-Bs,I think isme ye log kisi jhoothe case me fasne vale hai,i think isme ye log kisi jhoothe case me fasne vale hai
KGn-erOG-Bs,Chitrangada is barely there,chitrangada is barely there
KGn-erOG-Bs,"After a long time 
Bollywood made a listenable song ğŸ¥³ğŸ¥³ğŸ«¶ğŸ»",after long time bollywood made listenable song
KGn-erOG-Bs,Everything is temporary but â€œAkhri pastaâ€ is permanent in all houseful  movies ğŸ˜‚,everything is temporary but akhri pasta is permanent in all houseful movies
KGn-erOG-Bs,Guys mane bhi banye ha is pa reel please ğŸ¥º spot me ğŸ˜¢,guys mane bhi banye ha is pa reel please spot me
KGn-erOG-Bs,Song starts - lal pari - end lal pariğŸ˜‚ whole song depends on lal pari,song starts lal pari end lal pari whole song depends on lal pari
KGn-erOG-Bs,YouTube Algorithm Hacked By Yo Yo Army ğŸ˜‹ğŸ˜‹ğŸ˜‹,youtube algorithm hacked by yo yo army
KGn-erOG-Bs,Yo Yo Music â¤â¤â¤,yo yo music
KGn-erOG-Bs,Saara Gaana Female singer ne gaaya aur comment me credit Honey singh le gya ğŸ¤¦. Mai honey Singh ka hater nhi hu,saara gaana female singer ne gaaya aur comment me credit honey singh le gya mai honey singh ka hater nhi hu
KGn-erOG-Bs,Yoyo is fire,yoyo is fire
KGn-erOG-Bs,Comeback into 100/100ğŸ˜‚ğŸ˜‚ğŸ˜‚â¤â¤â¤â¤,comeback into
KGn-erOG-Bs,"Best Song Of Honey Singh After So Many Years as a Lyricist and Music, Female Singer Rocks in The  song",best song of honey singh after so many years as lyricist and music female singer rocks in the song
KGn-erOG-Bs,Thanks to this film cast...jiski wajah se abhishek Bachchan ka ghr chal rha,thanks to this film cast jiski wajah se abhishek bachchan ka ghr chal rha
KGn-erOG-Bs,just good vibe from the song lol,just good vibe from the song lol
KGn-erOG-Bs,Yo yo honey singh â¤,yo yo honey singh
KGn-erOG-Bs,Super hit,super hit
KGn-erOG-Bs,Only Soundarya Sharma look like very beautiful wonderful because it's different face of Bollywood,only soundarya sharma look like very beautiful wonderful because it different face of bollywood
KGn-erOG-Bs,Yo Yo Honey singhhhhhhhğŸ‘‘,yo yo honey singhhhhhhh
KGn-erOG-Bs,KahA hai badshah honey singh is back to bollywood,kaha hai badshah honey singh is back to bollywood
KGn-erOG-Bs,Nice song â¤â¤â¤â¤,nice song
KGn-erOG-Bs,How much pay this song,how much pay this song
KGn-erOG-Bs,Wah no1 treading ğŸ‰ğŸ˜ŠğŸ˜®,wah no treading
KGn-erOG-Bs,Yo Yo honey singh best,yo yo honey singh best
KGn-erOG-Bs,4th couple?,th couple
KGn-erOG-Bs,Subscribe pleasedğŸ˜¢ğŸ˜¢,subscribe pleased
KGn-erOG-Bs,fire ğŸ”¥,fire
KGn-erOG-Bs,Kehndi Yo yo honey singh,kehndi yo yo honey singh
KGn-erOG-Bs,Student gather,student gather
KGn-erOG-Bs,HOUSEFULL 5 perfect song,housefull perfect song
KGn-erOG-Bs,My god honey going through the fire man. ğŸ”¥ğŸ”¥ğŸ”¥ğŸ”¥ Let's go 2014 vibe. To conquer the world ğŸ˜ˆğŸ˜ˆ.,my god honey going through the fire man let go vibe to conquer the world
KGn-erOG-Bs,Yoyo is finally back. ğŸ˜¢ğŸ˜¢,yoyo is finally back
KGn-erOG-Bs,"Thanks for appreciating this verse so much
I am seeing that this song is getting popular after one and half year
Thanks for your love and support",thanks for appreciating this verse so much am seeing that this song is getting popular after one and half year thanks for your love and support
KGn-erOG-Bs,Ye song osm hai but kuch kahenge ki duplicate content hai ğŸ‰ğŸ‰ğŸ‰ğŸ‰ğŸ˜‚ğŸ˜‚,ye song osm hai but kuch kahenge ki duplicate content hai
KGn-erOG-Bs,Red cap Head swing move copycat.....issue Escalated.,red cap head swing move copycat issue escalated
KGn-erOG-Bs,Keep supporting guys 2 milion subscriber family ğŸ˜‚,keep supporting guys milion subscriber family
KGn-erOG-Bs,Jacy rocks here,jacy rocks here
KGn-erOG-Bs,This is all of honey singh power,this is all of honey singh power
KGn-erOG-Bs,This song is sound like my childhood song ...rail chali bhai rail chali ğŸ˜,this song is sound like my childhood song rail chali bhai rail chali
KGn-erOG-Bs,16 days ho Gaye phir BH I trending we nhi hata â¤,days ho gaye phir bh trending we nhi hata
KGn-erOG-Bs,Love from Bangladesh â¤,love from bangladesh
KGn-erOG-Bs,Bluetooth Era back. ğŸ˜»âœ¨,bluetooth era back
KGn-erOG-Bs,Thanks for subscribe 1k,thanks for subscribe k
KGn-erOG-Bs,Yo Yo Honey Singh ğŸ”¥ğŸ”¥,yo yo honey singh
KGn-erOG-Bs,Cheap.,cheap
KGn-erOG-Bs,These days honey singh knows how to ruin a  song with his rap,these days honey singh knows how to ruin song with his rap
KGn-erOG-Bs,Honey Singh ğŸ”¥,honey singh
KGn-erOG-Bs,Tading on bosssğŸ˜®ğŸ˜®,tading on bosss
KGn-erOG-Bs,A10 after hearing this songğŸ¥²,a after hearing this song
KGn-erOG-Bs,1M. likes complete kardo guys next level wibe hai ğŸ”¥ğŸ”¥ğŸ”¥ğŸ”¥ğŸ‘‘ğŸ”¥ğŸ”¥ğŸ”¥ğŸ”¥ğŸ”¥ğŸ”¥ğŸ”¥ğŸ”¥ğŸ”¥ğŸ”¥ğŸ”¥ğŸ¤Ÿâ¤ï¸â¤ï¸â¤ï¸â¤ï¸â¤ï¸â¤ï¸,likes complete kardo guys next level wibe hai
KGn-erOG-Bs,"Still thinking.... ğŸ¤” 
What is this Laal pari ??
Ps. Anyone can help",still thinking what is this laal pari ps anyone can help
KGn-erOG-Bs,Let's go Housefull 5 ğŸ”¥,let go housefull
KGn-erOG-Bs,Nice song ğŸ˜»ğŸ˜»ğŸ˜»,nice song
KGn-erOG-Bs,Honey sing is back ğŸ‰â¤,honey sing is back
KGn-erOG-Bs,Ye honey Singh à¤œà¤¾à¤¨à¤µà¤° à¤¹à¥ˆ singers ka carrier khaa raha hai ğŸ˜¢ğŸ˜¢ğŸ˜¢,ye honey singh singers ka carrier khaa raha hai
KGn-erOG-Bs,Vitalik u know who,vitalik know who
KGn-erOG-Bs,I love this one HAHAHAH,i love this one hahahah
KGn-erOG-Bs,shout out to simran kaur ğŸ˜ğŸ˜ for taking whole song on next level,shout out to simran kaur for taking whole song on next level
KGn-erOG-Bs,Jio lal pari so nice song jio honney singh â™¥ï¸â™¥ï¸â™¥ï¸â™¥ï¸,jio lal pari so nice song jio honney singh
KGn-erOG-Bs,How many of you first listen as Mera Ganja botal kholega :D,how many of you first listen as mera ganja botal kholega d
KGn-erOG-Bs,Yo Yo,yo yo
KGn-erOG-Bs,fuckin hot moves jack have ğŸ¤¤ğŸ¤¤ğŸ¤¤ yoooh sick ğŸ’¦,fuckin hot moves jack have yoooh sick
KGn-erOG-Bs,Yo Yo,yo yo
KGn-erOG-Bs,Yo yo honey Singh â¤ï¸â€ğŸ”¥,yo yo honey singh
KGn-erOG-Bs,Finally old yoyo voice back ğŸ˜¢ğŸ˜¢,finally old yoyo voice back
KGn-erOG-Bs,Bro i am in love with this song ..also loved the MV .Female singer part is so good And Yo Yo killed with the music. And Sonam Bajwa ..damn she slayed .Her screen presence here ğŸ¤ŒğŸ»â¤ï¸â€ğŸ”¥,bro am in love with this song also loved the mv female singer part is so good and yo yo killed with the music and sonam bajwa damn she slayed her screen presence here
KGn-erOG-Bs,Yo yo honey Singh â¤â¤,yo yo honey singh
KGn-erOG-Bs,Yo yo honey Singh â¤,yo yo honey singh
KGn-erOG-Bs,That lady voice make this song  another level,that lady voice make this song another level
KGn-erOG-Bs,"Who is watching in 2025â“
ğŸ‘‡",who is watching in
KGn-erOG-Bs,"Yo yo Paaji you're extreme level rapper 
Love from Arunachal Pradesh",yo yo paaji you re extreme level rapper love from arunachal pradesh
KGn-erOG-Bs,"Old honey singh is back â¤â¤â¤
Big fanğŸª­ğŸª­ğŸª­",old honey singh is back big fan
KGn-erOG-Bs,Baap Of Music Industry Wapis apne roop me aagaya h Yo Yo Honey Singaaa!ğŸ¤ŸğŸ˜,baap of music industry wapis apne roop me aagaya yo yo honey singaaa
KGn-erOG-Bs,Thanks for 10o subscriberğŸ˜®,thanks for subscriber
KGn-erOG-Bs,old vibe a fter a really long time,old vibe fter really long time
KGn-erOG-Bs,One bottle down 2.0 coming soon!!!!!,one bottle down coming soon
KGn-erOG-Bs,Nice look song ğŸ€,nice look song
KGn-erOG-Bs,Agle 7 saal frse ğŸ˜‚ğŸ˜‚ğŸ˜‚â¤â¤â¤ Honey Singh â¤ğŸ‰ğŸ˜Š,agle saal frse honey singh
KGn-erOG-Bs,feel old honey Singh voice ğŸ˜…,feel old honey singh voice
KGn-erOG-Bs,"All time block booster.... ğŸ˜… 
... ğŸ‘Œ super party song ğŸµ",all time block booster super party song
KGn-erOG-Bs,Awesome ğŸ‘Œ yo yo honey Rock ğŸ‰,awesome yo yo honey rock
KGn-erOG-Bs,Old Era is back ğŸ—¿ğŸ—¿,old era is back
KGn-erOG-Bs,Yo yo honey Singh ğŸ¤˜ğŸ˜ğŸ¤,yo yo honey singh
KGn-erOG-Bs,Top of the yearâ¤â¤,top of the year
KGn-erOG-Bs,Where is yoyo paji,where is yoyo paji
KGn-erOG-Bs,"Yo Yo just reloaded ğŸ˜ğŸ‘‘""",yo yo just reloaded
KGn-erOG-Bs,Jhat barabar lyrics meaning only for video viewa agya man lo dost jis gana ke hook pe honey Singh ko tm pasand krte he wo ab lout ke nyy ane wlaa that too claimed by other singer ki unka likha hua h ğŸ¥²,jhat barabar lyrics meaning only for video viewa agya man lo dost jis gana ke hook pe honey singh ko tm pasand krte he wo ab lout ke nyy ane wlaa that too claimed by other singer ki unka likha hua
KGn-erOG-Bs,Back honey Singh ğŸ‰ğŸ‰ğŸ‰,back honey singh
KGn-erOG-Bs,Abe pure song surf lal pri se bhara ho bska songğŸ˜‚ğŸ˜‚,abe pure song surf lal pri se bhara ho bska song
KGn-erOG-Bs,Is this a song Bollywood is seriously getting shitting with passing timeğŸ˜‚ğŸ˜‚ğŸ˜‚,is this song bollywood is seriously getting shitting with passing time
KGn-erOG-Bs,This is amazing  LAAL PARI   NO 1 TRENDING â¤â¤ğŸ‰Song,this is amazing laal pari no trending song
KGn-erOG-Bs,Saundarya looking best here â¤,saundarya looking best here
KGn-erOG-Bs,16 days continuous trending 1ğŸ‘‘,days continuous trending
KGn-erOG-Bs,Push it for #1 again ğŸ˜¢ğŸ˜¢ğŸ˜¢ğŸ˜¢ğŸ˜¢ğŸ˜¢ğŸ˜¢,push it for again
KGn-erOG-Bs,Yo yo honey singh ne lyrics likhe after so long just wow â¤â¤â¤â¤â¤â¤,yo yo honey singh ne lyrics likhe after so long just wow
KGn-erOG-Bs,Sonam is â¤,sonam is
KGn-erOG-Bs,Honey â¤â¤,honey
KGn-erOG-Bs,May Youtube hu,may youtube hu
KGn-erOG-Bs,Yo yo honey Singh â¤,yo yo honey singh
KGn-erOG-Bs,"Yo Yo Honey is back with wonderful song. And female vocalist lifted this song upper levelğŸ“ˆ

Kudi kehndi yo yo honey singağŸ¤ŸğŸ¤Ÿ",yo yo honey is back with wonderful song and female vocalist lifted this song upper level kudi kehndi yo yo honey singa
KGn-erOG-Bs,Yo yo honey Singh is back,yo yo honey singh is back
KGn-erOG-Bs,Only dance o,only dance o
KGn-erOG-Bs,Bluetooth era is back â¤â¤,bluetooth era is back
KGn-erOG-Bs,Yo yo honey singh â¤,yo yo honey singh
KGn-erOG-Bs,Allready Blockbuster Ho Gaya ğŸ—¿ğŸ—¿,allready blockbuster ho gaya
KGn-erOG-Bs,100 million cross karwao bhai log 1 month ke andar â¤â¤,million cross karwao bhai log month ke andar
KGn-erOG-Bs,Box office collection ğŸ“ˆğŸ“ˆ,box office collection
KGn-erOG-Bs,Kudos to Simar Kaur and Yo Yo Honey Singh,kudos to simar kaur and yo yo honey singh
KGn-erOG-Bs,Yoyo honey Singh ğŸ”¥ğŸ¦ğŸ’¯ğŸ’¯ğŸ’¯,yoyo honey singh
KGn-erOG-Bs,Old honey sing back,old honey sing back
KGn-erOG-Bs,Honey Singh ğŸ¤©ğŸ¤©,honey singh
KGn-erOG-Bs,Only Jacqueline nd sonam bajwa giving justice to acting nd the song,only jacqueline nd sonam bajwa giving justice to acting nd the song
KGn-erOG-Bs,Very nice song,very nice song
KGn-erOG-Bs,16 day's still on Trending #1âš¡,day still on trending
KGn-erOG-Bs,Yo yo honey Singh is the best ğŸ‘Œ0:59,yo yo honey singh is the best
KGn-erOG-Bs,Abhishek bachan fans please comeğŸ‰,abhishek bachan fans please come
KGn-erOG-Bs,The next level song h yrr,the next level song yrr
KGn-erOG-Bs,ApnaYoYo Sabka YoYo Back to Back hitsğŸ—¿,apnayoyo sabka yoyo back to back hits
KGn-erOG-Bs,0:08 this line was litğŸ”¥ğŸ”¥,this line was lit
KGn-erOG-Bs,Thankyou for 1k subscribe ğŸ‰â¤,thankyou for subscribe
KGn-erOG-Bs,Ismein villain Jacky Shroff hai,ismein villain jacky shroff hai
KGn-erOG-Bs,Thank You For 1 Subscribe ğŸ˜¢,thank you for subscribe
KGn-erOG-Bs,Awesome mind blowing fantastic yo yo Honey Singh lovely singer oh my God,awesome mind blowing fantastic yo yo honey singh lovely singer oh my god
KGn-erOG-Bs,Comments karte raho bhai log,comments karte raho bhai log
KGn-erOG-Bs,Yo yo honey Singh ğŸ”¥ğŸ”¥ğŸ”¥ğŸ”¥ğŸ‘‘,yo yo honey singh
KGn-erOG-Bs,Yo yo honey Singh ğŸ˜,yo yo honey singh
KGn-erOG-Bs,Thanks for 700 subscribers â¤ğŸ‰,thanks for subscribers
KGn-erOG-Bs,Put your handsup ğŸ™Œ,put your handsup
KGn-erOG-Bs,"Be ready for yo yo paji comeback ......
Bigger than GTA 6 ....",be ready for yo yo paji comeback bigger than gta
KGn-erOG-Bs,17 days and still no1 trending,days and still no trending
KGn-erOG-Bs,Yo yo honey singh in the house bby â¤,yo yo honey singh in the house bby
KGn-erOG-Bs,What a Vibe ylll ğŸ˜¯ YO YO SIR IS ğŸ”¥ğŸ”¥ğŸ”¥,what vibe ylll yo yo sir is
