video_id,comment
KGn-erOG-Bs,"Mangwado Mujh Ko Laal PariğŸ’ƒğŸ˜ğŸ”¥
TRENDING #1ğŸ”¥"
KGn-erOG-Bs,ğŸ˜‚ğŸ˜‚ğŸ˜‚
KGn-erOG-Bs,Sonam bajwa looking â¤ï¸ in this song
KGn-erOG-Bs,This song needed more Chitrangada screen time.
KGn-erOG-Bs,Yoyo honey ğŸ¯
KGn-erOG-Bs,ğŸ˜®
KGn-erOG-Bs,Every housefull movie ğŸ”¥ğŸ”¥ â¤â¤
KGn-erOG-Bs,Shaudaraya sharmağŸ‘ŒğŸ‘ŒğŸ‘ŒğŸ’¥ğŸ’¥ğŸ’¥ğŸ’¥ğŸ’¥
KGn-erOG-Bs,Where is G-yan
KGn-erOG-Bs,"â¤â¤my name is
ğŸ˜ŠğŸ˜ŠğŸ˜ŠğŸ’ƒ pari"
KGn-erOG-Bs,Punjabi Lady Singer Sunanda Sharma ko Credit Nhi diya
KGn-erOG-Bs,Only for honey singh and sonam banjwa â¤
KGn-erOG-Bs,Finally something different after aj ki Raat era ğŸ˜‚
KGn-erOG-Bs,â¤
KGn-erOG-Bs,â¤â¤
KGn-erOG-Bs,â¤â¤â¤
KGn-erOG-Bs,â¤â¤â¤â¤
KGn-erOG-Bs,â¤â¤â¤â¤â¤
KGn-erOG-Bs,Yo Yo Honey singh â¤â¤â¤â¤â¤â¤â¤
KGn-erOG-Bs,This movie should be a blockbuster
KGn-erOG-Bs,Ye song Disha patani ke liye bana hai !! ğŸ˜…ğŸ˜…ğŸ˜…
KGn-erOG-Bs,1 million like kardo
KGn-erOG-Bs,â¤â¤â¤â¤
KGn-erOG-Bs,Yo Yo Honey Singhhhhhhhaaaaa...! â¤ğŸ’
KGn-erOG-Bs,Bawaal aadmi h ye ...ğŸ˜®ğŸ˜®ğŸ˜®ğŸ˜®ğŸ˜®
KGn-erOG-Bs,ğŸ‘‘HONEY SINGHğŸ‘‘
KGn-erOG-Bs,ğŸ”¥ğŸ”¥ğŸ”¥ğŸ”¥ğŸ”¥ğŸ”¥ğŸ”¥ğŸ”¥
KGn-erOG-Bs,Ek hi song mein poori movie ka promotion ho gaya this is the power of yo yo paaji â¤â¤
KGn-erOG-Bs,2025  me kon kon sun raha hai bhaiâ¤ğŸ˜Š
KGn-erOG-Bs,Beutiful Song â¤
KGn-erOG-Bs,â¤â¤â¤â¤
KGn-erOG-Bs,Mangwa do koi mujhy Laal Jacqueline ğŸ˜œ
KGn-erOG-Bs,Mange chhori laal pari ğŸ’ƒğŸ˜‚
KGn-erOG-Bs,ğŸ”¥ğŸ”¥ğŸ”¥ğŸ”¥ğŸ”¥
KGn-erOG-Bs,Yo yo honey Singh
KGn-erOG-Bs,Housefull 5 release hote to 100million pahucha do isko
KGn-erOG-Bs,Ek hi dil hai paaji kitni baar jitooge â¤â¤
KGn-erOG-Bs,ğŸ’•ğŸ’•
KGn-erOG-Bs,63M on 23.05.2025 at 9 am
KGn-erOG-Bs,Yo yo honey Singh
KGn-erOG-Bs,Whos nora fatehi when Jacqueline is here
KGn-erOG-Bs,àª²àª¾àª² àªªàª°à«€
KGn-erOG-Bs,mujhe bhi ek lal pari  chahieğŸ™ğŸ™ğŸ™
KGn-erOG-Bs,"Take care of 
Body :-exercise
Mind :-sleep if at at least 7hr 
Soul:- meditation

Joined a good institution even if its cost little bit of money and just follow them 
. Dont go beyond dpps, module and pyq of mains and advance this much is enough for getting any rank you want"
KGn-erOG-Bs,Laal ladki ğŸ’ƒğŸ˜‚
KGn-erOG-Bs,Bollywood walo ki line lga di bhai ne â¤
KGn-erOG-Bs,Gana sunke main dipress ho gaya..
KGn-erOG-Bs,His on ğŸ”¥ğŸ”¥ğŸ’¯ğŸ’¯ğŸ’¯ğŸ’¯ğŸ’¯ğŸ’¯
KGn-erOG-Bs,Honey Singh kaha hai ?
KGn-erOG-Bs,ğŸ˜…ğŸ˜…ğŸ˜…Ranjeet à¤•à¤¹à¤¾à¤‚ à¤¹à¥ˆ à¤“à¤¹ à¤¯à¥‡à¤¹ ğŸ˜…ğŸ˜…ğŸ˜…
KGn-erOG-Bs,à¦¸à¦¬à¦¾à¦‡ à¦²à¦¾à¦‡à¦• à¦«à¦²à§‹ à¦¦à§‡à¦¬à§‡à¦¨ à¦¦à§Ÿà¦¾ à¦•à¦°à§‡ à¦•à§‡à¦®à¦¨ğŸ‘‰â™¥ï¸
KGn-erOG-Bs,De jaati  khadi khadi ğŸ˜‚ğŸ˜‚ğŸ˜‚ğŸ˜‚
KGn-erOG-Bs,Abe sale kiski bhi nhi pasad hai sirf aaise he bol rhe hai    kya hai    bhai
KGn-erOG-Bs,ğŸ’
KGn-erOG-Bs,Song ka koi jawab nhi like kare
KGn-erOG-Bs,.honey singh is back
KGn-erOG-Bs,ğŸ˜ŠğŸ˜ŠğŸ˜ŠğŸ˜ŠğŸ˜ŠğŸ˜Š
KGn-erOG-Bs,ğŸ‰ğŸ‰ğŸ‰ğŸ‰ğŸ‰ğŸ‰ğŸ‰ğŸ‰
KGn-erOG-Bs,ğŸ˜®ğŸ˜®ğŸ˜®ğŸ˜®ğŸ˜®
KGn-erOG-Bs,ğŸ˜ŠğŸ˜ŠğŸ˜ŠğŸ˜ŠğŸ˜ŠğŸ˜Š
KGn-erOG-Bs,â¤â¤â¤â¤â¤â¤
KGn-erOG-Bs,Real honey singh is backğŸ”¥ğŸ”¥ğŸ”¥ğŸ”¥ğŸ”¥
KGn-erOG-Bs,Ruhela fresco burail
KGn-erOG-Bs,01:40 is very good step â¤
KGn-erOG-Bs,Love from Bangladesh â¤
KGn-erOG-Bs,Me janna chahta kiya laal pri kissi beer brand hai kiya
KGn-erOG-Bs,à¤°à¤¾à¤® à¤°à¤¾à¤®
KGn-erOG-Bs,"If this is call music, then I am never gonna listen to music.."
KGn-erOG-Bs,Honey Singh Bluetooth era back
KGn-erOG-Bs,Real Gabbar is back SD
KGn-erOG-Bs,Why chitrangda Singh is background dancer
KGn-erOG-Bs,"Beautiful Songâ¤
I Like to say thanks for my lovely â¤ 34 â¤ unique subscribers. ğŸ‰ğŸ‰ğŸ‰"
KGn-erOG-Bs,ğŸ˜®ğŸ˜®
KGn-erOG-Bs,â¤â¤â¤
KGn-erOG-Bs,Glad they didn't choose Neha Kakkar for this song..!!ğŸ˜­ğŸ™ğŸ»ğŸ˜‚ğŸ˜‚ğŸ”¥ğŸ”¥ğŸ”¥â¤ï¸â¤ï¸
KGn-erOG-Bs,2:00 idhr se song faltu hua haiğŸ˜¢
KGn-erOG-Bs,"Mera ganja bottle kholega
 koi na bich me bolega
Chahe mujhko daal badi 
Mangwado koi laal pari 
ğŸ’ƒğŸ™‚ğŸ‘"
KGn-erOG-Bs,So irritating
KGn-erOG-Bs,Listening laal pari at 2am ğŸ˜‚
KGn-erOG-Bs,à´²à´¾àµ½ à´ªà´±à´¿ â¤â€ğŸ”¥ love from kerala
KGn-erOG-Bs,"1st comedy film of 2025 and second film of the genre after stree 2.
Housefull 5 will fill the theaters go housefull â¤â¤â¤â¤"
KGn-erOG-Bs,Yes this kind of song we want instead of remix â¤
KGn-erOG-Bs,Shanju baba ğŸ’ª
KGn-erOG-Bs,Lal pari ya kali pari ğŸ˜®
KGn-erOG-Bs,haye garmi 2
KGn-erOG-Bs,1 million like target
KGn-erOG-Bs,give some utube channel ideas...
KGn-erOG-Bs,Masti 2004
KGn-erOG-Bs,â¤
KGn-erOG-Bs,WÃ¤re gut
KGn-erOG-Bs,2:26
KGn-erOG-Bs,Nice song bas ritesh Deshmukh jahs as rha hai mood kharab ho raha hai
KGn-erOG-Bs,Yo Yo Honey Singh
KGn-erOG-Bs,2g se 5g tak paji hi paji â¤â¤ğŸ˜‚ğŸ˜‚
KGn-erOG-Bs,YoYo honey singhaa
KGn-erOG-Bs,Yo yo honey Singh
KGn-erOG-Bs,YO YO HONEY SINGH
KGn-erOG-Bs,Laal â¤â¤
KGn-erOG-Bs,Queen's â¤
KGn-erOG-Bs,Thank you for 16 subscribers you guys are awesome love you guysğŸ‰ğŸ‰ğŸ‰?'s hai ğŸ‰ğŸ‰
KGn-erOG-Bs,Thank you for 16 subscribers you guys are awesome love you guysğŸ‰ğŸ‰ğŸ‰?'s hai ğŸ‰ğŸ‰
KGn-erOG-Bs,Ore item song kor bhai haif tubo aii
KGn-erOG-Bs,Arjun Rampal ko lana chahiyetha
KGn-erOG-Bs,Bollywood song king honey paji â¤
KGn-erOG-Bs,Comeback ho to paji jaisa â¤
KGn-erOG-Bs,Jackie is slaying â¤â¤
KGn-erOG-Bs,Yo Yo
KGn-erOG-Bs,Honey don't need a comeback..
KGn-erOG-Bs,"Yaar mtlb inse HOT toh aaj ke Time ki WWE FEMALE WRESTLERS hai just check them out from AEW, WWE, TNA"
KGn-erOG-Bs,Lal pari hit songğŸ”¥ğŸ”¥
KGn-erOG-Bs,Kaun Hai Lal Parihar pakad ke lao usko
KGn-erOG-Bs,"Ye koi gaana hua kya..
Mujhe dilao Laal Pari
Mujhe Pilao Laal Pari 
Mujhe Bulao Laal Pari"
KGn-erOG-Bs,Yo yo yo honey Singh is king or badhsha  inke jant ke Baal ke bra brğŸ˜…
KGn-erOG-Bs,RoophjağŸ˜‚ lal pari in our homeğŸ˜‚ğŸ˜‚ğŸ˜‚
KGn-erOG-Bs,"Wow ğŸ˜²
Laal pari â¤ğŸ¥‚
Koi mujhe bhi do do ghunt 
TRENDING #1 ..."
KGn-erOG-Bs,â¤â¤â¤â¤â¤â¤â¤â¤â¤â¤â¤
KGn-erOG-Bs,2.3
KGn-erOG-Bs,Besharam behaya log
KGn-erOG-Bs,ğŸ¥°ğŸ¥°ğŸ¥°â¤ï¸â¤ï¸ğŸ¥°ğŸ¥°ğŸ¥°ğŸ¥°ğŸ¥°ğŸ¥°â¤ï¸â¤ï¸â¤ï¸â¤ï¸ğŸ¥°ğŸ¥°ğŸ¥°ğŸ¥°ğŸ¥°ğŸ¥°ğŸ¤©ğŸ¤©ğŸ¤©ğŸ¤©ğŸ¤©
KGn-erOG-Bs,TRENDING SINCE TWO WEEKS .ğŸ¤˜ğŸ¤˜ğŸ¤˜
KGn-erOG-Bs,Yo yo ğŸ¤˜ğŸ» ğŸ”¥
KGn-erOG-Bs,0:01
KGn-erOG-Bs,This song is my favourite â¤â¤
KGn-erOG-Bs,Yo yo Hani Singhâ¤â¤â¤
KGn-erOG-Bs,I love this song â¤â¤â¤â¤â¤
KGn-erOG-Bs,Punajb police ko theme song mil gyaa tiktok k lyeğŸ˜‚
KGn-erOG-Bs,Waiting for Housefull 5ğŸ”¥â¤ï¸
KGn-erOG-Bs,Vibes 100%ğŸ”¥
KGn-erOG-Bs,Best village vedios
KGn-erOG-Bs,Lal pari 0:19
KGn-erOG-Bs,Honey singh 0:10
KGn-erOG-Bs,Yo yo
KGn-erOG-Bs,yo yo 1.0 is back
KGn-erOG-Bs,Red dollâ¤â¤
KGn-erOG-Bs,Tea was fantastic ğŸ˜‚
KGn-erOG-Bs,Super
KGn-erOG-Bs,2.42 justğŸ”¥ğŸ”¥ğŸ”¥ğŸ”¥ğŸ”¥ğŸ”¥
KGn-erOG-Bs,punjab police â¤ kya baat hğŸ˜…
KGn-erOG-Bs,â¤â¤â¤â¤â¤
KGn-erOG-Bs,Ganja hai ya ranjhaa...ğŸ˜‚â¤
KGn-erOG-Bs,Sonam Bajwa â¤â¤
KGn-erOG-Bs,Goddamn Soundarya sharma ..slaying wid just 2 main scene
KGn-erOG-Bs,AwesomeğŸ‘ğŸ‘ğŸ‘ğŸ‘ğŸ‘
KGn-erOG-Bs,â¤
KGn-erOG-Bs,â¤â¤â¤
KGn-erOG-Bs,â¤â¤
KGn-erOG-Bs,100 M complete Krwa Do Guys
KGn-erOG-Bs,Yoyo lvlâ¤
KGn-erOG-Bs,Yoyo ğŸ‡®ğŸ‡³ğŸ‡µğŸ‡°
KGn-erOG-Bs,Female vocalist ğŸ”¥
KGn-erOG-Bs,Aag lga di
KGn-erOG-Bs,Yo yo â™¥ï¸â™¥ï¸
KGn-erOG-Bs,Rap god in full form â¤â¤  OG  OGğŸ‰ğŸ‰
KGn-erOG-Bs,New party song ğŸµ ğŸ‰
KGn-erOG-Bs,ğŸ¤ŸğŸ¤ŸğŸ¤ŸğŸ¤Ÿ
KGn-erOG-Bs,You can know about the same thing ğŸ˜‚ğŸ˜‰ğŸ˜‚
KGn-erOG-Bs,Yea kya hi gya ha hanrea Bollywood walon koo naam duba ke manoge kya sabğŸ™ğŸ™
KGn-erOG-Bs,Thank you guys for 24 subscriber ğŸ˜¢
KGn-erOG-Bs,End lvl ksama Sy
KGn-erOG-Bs,Mast â¤â¤â¤
KGn-erOG-Bs,super song
KGn-erOG-Bs,Female  singer ka voice  bouth irritating  ha
KGn-erOG-Bs,"Wow amazing
Red angel â¤ï¸"
KGn-erOG-Bs,Please seck out my profile for daily new Hindi song.ğŸ‘
KGn-erOG-Bs,Bhai Desi Daru Lal ki baat ho rahi hai kyağŸ˜…
KGn-erOG-Bs,yo yo honey singh â¤
KGn-erOG-Bs,Yo yo Honey Singhâ¤â¤â¤â¤ğŸ˜ŠğŸ˜ŠğŸ˜ŠğŸ˜ŠğŸ˜ŠğŸ˜ŠğŸ˜Š love u paji
KGn-erOG-Bs,Bollywood song trending no.1
KGn-erOG-Bs,Honey Singh ka ara
KGn-erOG-Bs,Trending songâ¤â¤
KGn-erOG-Bs,Yo yo honey pajji ğŸ‰ğŸ‰ğŸ‰
KGn-erOG-Bs,â¤â¤â¤ğŸ‰ğŸ’ªğŸ”¥ğŸ”¥ğŸ”¥ yo yo bhai Tum Ho tabahi
KGn-erOG-Bs,The song is super
KGn-erOG-Bs,Salman or Ajay ki entry or hoti toh mja a jata movie meinâ˜ ï¸
KGn-erOG-Bs,Film flok hai
KGn-erOG-Bs,Pawan Singh ka 4 number trending me song hai Dilwale laza...
KGn-erOG-Bs,Amazingâ¤ğŸ‰ğŸ‰
KGn-erOG-Bs,Jacqueline I Love you ğŸ’“
KGn-erOG-Bs,ğŸ¤¢ğŸ¤®ğŸ¤®
KGn-erOG-Bs,Why they add a touch of cleavage to all songs ğŸ™ğŸ™ğŸ—¿ğŸ˜­ğŸ˜­
KGn-erOG-Bs,Best songğŸ‘ŒğŸ‘Œâ¤â¤â¤â¤â¤
KGn-erOG-Bs,Kasam se song se pataa chala ki h5 aayahe âœ…
KGn-erOG-Bs,ğŸ’›ğŸ’›
KGn-erOG-Bs,Wowâ¤â¤ğŸ‰ğŸ¥µğŸ¥µ
KGn-erOG-Bs,ğŸ˜ŠğŸ˜ŠğŸ˜ŠğŸ˜ŠğŸ˜ŠğŸ˜ŠğŸ˜Š
KGn-erOG-Bs,â¤â¤â¤â¤â¤
KGn-erOG-Bs,ğŸ”¥ğŸ”¥ğŸ”¥ğŸ”¥
KGn-erOG-Bs,Yo yoâ¤â¤
KGn-erOG-Bs,Osm song â¤
KGn-erOG-Bs,Ma ku wasaa
KGn-erOG-Bs,1:23 single single piece ğŸ¤ğŸ»ğŸ¤˜ğŸ»
KGn-erOG-Bs,Wtf is this yr ğŸ˜’
KGn-erOG-Bs,Fazool movie fazool song ğŸ˜¡ğŸ˜¡ğŸ˜¡ thag gaye hain in buddho ko dekh dekh kar ğŸ˜’ğŸ˜’
KGn-erOG-Bs,Mane man liya app badshah k papa hoo
KGn-erOG-Bs,1M. likes complete kardo guys bahut pass hai ğŸ”¥ğŸ”¥ğŸ”¥ğŸ”¥ğŸ”¥ğŸ”¥ğŸ”¥ğŸ”¥ğŸ”¥ğŸ”¥ğŸ”¥ğŸ”¥ğŸ¤ŸğŸ”¥ğŸ”¥â¤ï¸â¤ï¸â¤ï¸â¤ï¸â¤ï¸â¤ï¸
KGn-erOG-Bs,WOW â¤â¤â¤â¤â¤â¤â¤â¤â¤â¤
KGn-erOG-Bs,AwesomeğŸ‘ğŸ‘ğŸ‘ğŸ‘ğŸ‘
KGn-erOG-Bs,Sab se best song full vibe h ğŸ˜š
KGn-erOG-Bs,Very very nice song â¤â¤â¤â¤â¤â¤â¤â¤â¤â¤â¤â¤
KGn-erOG-Bs,Masterpiece......â¤ï¸â€ğŸ”¥ğŸ¤Œ
KGn-erOG-Bs,01:01 ğŸ’€
KGn-erOG-Bs,Honey Singh has the best music understood for indian culture.i am just grooving on his music
KGn-erOG-Bs,Bollywood is now just Satnic Ritual nothing left
KGn-erOG-Bs,Bollywood ğŸ“‰ğŸ“‰ğŸ“‰ğŸ“‰ğŸ“‰ğŸ“‰
KGn-erOG-Bs,Supar â¤ï¸â¤ï¸â¤ï¸â¤ï¸ğŸ˜ğŸŒ¹ğŸŒ¹ğŸŒ¹ğŸ¤©ğŸ˜
KGn-erOG-Bs,Simran voice is awesome
KGn-erOG-Bs,Video quality acha nahi gana mast hai
KGn-erOG-Bs,Kya mast song hai bhai....â¤â¤
KGn-erOG-Bs,"Sidhu moosewala Chand te ,Baki sare lan te ğŸ˜‚ğŸ˜‚ğŸ˜‚"
KGn-erOG-Bs,Bhaichaara on Topâ¤â¤
KGn-erOG-Bs,Honey Singh is back
KGn-erOG-Bs,Housefull 5 ğŸ”¥
KGn-erOG-Bs,This song is somewhat similar to BTS  s 21st century...song...ğŸ˜ŠğŸ˜…ğŸ‰ğŸ‰ğŸ‰â¤ğŸ˜‚
KGn-erOG-Bs,honey bhai â¤ï¸â¤ï¸â¤ï¸â¤ï¸
KGn-erOG-Bs,Song still here ğŸ‘âœŒğŸ»âœŒğŸ»
KGn-erOG-Bs,Simar kaur Honey Singh Dono punjabi...Ab kho â¤â¤
KGn-erOG-Bs,"à¤²à¤¾à¤² à¤ªà¤¾à¤°à¥€ à¤•à¥à¤¯à¤¾ à¤•à¥‹à¤ˆ à¤¶à¤°à¤¾à¤¬ à¤¹à¥ˆà¥¤
à¤®à¤¾à¤°à¥à¤•à¥‡à¤Ÿ à¤®à¥ˆà¤‚ à¤•à¥‹à¤ˆ à¤¨à¤¯à¤¾ à¤¬à¥à¤°à¤¾à¤‚à¤¡ à¤†à¤¯à¤¾ à¤¹à¥ˆ à¤•à¥à¤¯à¤¾
ğŸ˜‚ğŸ˜‚ğŸ˜‚ğŸ˜‚ğŸ˜‚ğŸ˜‚ğŸ˜‚ğŸ˜‚ğŸ˜‚ğŸ˜‚"
KGn-erOG-Bs,100 million soon
KGn-erOG-Bs,Badsha crying in corner ğŸ˜‚ğŸ˜‚
KGn-erOG-Bs,Pajiâ¤
KGn-erOG-Bs,Female singer voice is unmatched vibe
KGn-erOG-Bs,Yo yo honey singh â¤ğŸ˜Š
KGn-erOG-Bs,ğŸ”¥ğŸ”¥ğŸ”¥
KGn-erOG-Bs,"I love the Female singer voice, à¥¤à¥¤à¥¤
Song of the yearà¥¤

Best female singer award goes to à¤²à¤¾à¤² à¤ªà¤°à¥€ song"
KGn-erOG-Bs,0.5x speed 1:43 sonam bajwa aye hayğŸ¥µ
KGn-erOG-Bs,Abhishek ab yaha mt kr lena affair
KGn-erOG-Bs,Honey Singh badshah ka Papa hai  Love you honey Singh â¤â¤
KGn-erOG-Bs,ğŸ˜‚ğŸ˜‚ğŸ˜‚ğŸ˜‚ğŸ˜‚ğŸ˜‚ğŸ˜‚â¤â¤
KGn-erOG-Bs,No.1 yo yo and nice song ğŸ‰
KGn-erOG-Bs,Sonam Bajwa â¤
KGn-erOG-Bs,Sonam ğŸ”¥ğŸ”¥
KGn-erOG-Bs,Hamaare to naaam ha pari.. ğŸ˜ğŸ˜…
KGn-erOG-Bs,Ya allah bhut acha song hai wow
KGn-erOG-Bs,Now this feels like BOLLYWOOD vibes ğŸ”¥
KGn-erOG-Bs,Laal pati wo bhut acha song
KGn-erOG-Bs,Super song yo yo honey Singh is all time favoriteâ¤â¤â¤
KGn-erOG-Bs,"sirf daru, drag and sexy girl . not other think Bollywood ."
KGn-erOG-Bs,My favourite song â¤â¤â¤â¤
KGn-erOG-Bs,ğŸ”¥ğŸ”¥ğŸ”¥ğŸ”¥ğŸ”¥
KGn-erOG-Bs,Do you Hove a boyfriend
KGn-erOG-Bs,Hey t seris
KGn-erOG-Bs,"Thanks for appreciating this verse so much
I am seeing that this song is getting popular after one and half year
Thanks for your love and support"
KGn-erOG-Bs,"à¤®à¥ˆà¤‚ à¤¶à¤°à¥à¤¤ à¤²à¤—à¤¾à¤¤à¤¾ à¤¹à¥‚à¤‚, à¤‡à¤‚à¤§à¤¾ à¤ªà¤¾à¤¤à¥ à¤²à¤¾à¤® 1 à¤®à¤¿à¤¨à¤Ÿ à¤ªà¥‚à¤°à¥à¤£ à¤†à¤¹ à¤¥à¤¿à¤à¤Ÿà¤° à¤²à¤¾ à¤µà¤‚à¤§à¤¾ à¤ªà¥‡à¤°à¤¿à¤¯à¤¾ à¤µà¥à¤·à¥à¤¯à¤®à¥â¤ğŸ˜‚"
KGn-erOG-Bs,"à¤®à¥ˆà¤‚ à¤¶à¤°à¥à¤¤ à¤²à¤—à¤¾à¤¤à¤¾ à¤¹à¥‚à¤‚, à¤‡à¤‚à¤§à¤¾ à¤ªà¤¾à¤¤à¥ à¤²à¤¾à¤® 1 à¤®à¤¿à¤¨à¤Ÿ à¤ªà¥‚à¤°à¥à¤£ à¤†à¤¹ à¤¥à¤¿à¤à¤Ÿà¤° à¤²à¤¾ à¤µà¤‚à¤§à¤¾ à¤ªà¥‡à¤°à¤¿à¤¯à¤¾ à¤µà¥à¤·à¥à¤¯à¤®à¥ğŸ˜…"
KGn-erOG-Bs,Yo yo honey Singh â¤
KGn-erOG-Bs,â¤â¤
KGn-erOG-Bs,â¤â¤â¤â¤ğŸ˜Š
KGn-erOG-Bs,Kali pili nili pari kyu niğŸ˜‚
KGn-erOG-Bs,Bahut jald lungi 2.0 aayega
KGn-erOG-Bs,â¤
KGn-erOG-Bs,â¤â¤
KGn-erOG-Bs,â¤â¤â¤
KGn-erOG-Bs,â¤â¤â¤â¤
KGn-erOG-Bs,â¤â¤â¤â¤â¤
KGn-erOG-Bs,Pute market me cha jayega
KGn-erOG-Bs,â¤â¤
KGn-erOG-Bs,ğŸ‰
KGn-erOG-Bs,One Thousan mile Video
KGn-erOG-Bs,We really need innovation in lyrics and choreography
KGn-erOG-Bs,I am yo yo fan but i truly feel is Honey singh's new songs  except for payal are below average they only get these view bcz of his popularity otherwise they feel like tony kakkar song  i think he is  focusing on countity more than quality i wish he takes more time and give a banger song like before
KGn-erOG-Bs,Yo yo honey Singh â¤
KGn-erOG-Bs,Yo Yo â¤â¤â¤
KGn-erOG-Bs,â¤â¤â¤â¤â¤â¤â¤â¤â¤â¤â¤â¤â¤â¤â¤â¤â¤â¤â¤â¤â¤â¤â¤â¤â¤â¤â¤ğŸ˜ŠğŸ‰ğŸ‰ğŸ‰ğŸ‰ğŸ‰ğŸ‰ğŸ‰.
KGn-erOG-Bs,Headache song!
KGn-erOG-Bs,ğŸ‘†ğŸ¼ chile presente
KGn-erOG-Bs,"lal Pari Nahi Babu 
kam Ki Pari Mangwadu"
KGn-erOG-Bs,Kon kon Harsal Sir se yaha aye ho ğŸ˜‚ğŸ˜‚ğŸ˜‚ğŸ˜‚
KGn-erOG-Bs,Yoyo honey singhâ¤
KGn-erOG-Bs,Yo yo
KGn-erOG-Bs,â¤â¤â¤â¤â¤
KGn-erOG-Bs,Average repetitive rhyme song ğŸ˜
KGn-erOG-Bs,Naa sur hai naa sunne me maja aara hai ye v koi gana hai
KGn-erOG-Bs,Official real song is this ğŸ˜‰ pura stage faad Diya kya Gaya Hai maja hi a Gaya sunkar ğŸ˜˜ğŸ«¶ğŸ»
KGn-erOG-Bs,Yo yo honey Singh
KGn-erOG-Bs,ğŸ˜®
KGn-erOG-Bs,ğŸ“ˆBoring ğŸ‘
KGn-erOG-Bs,Baba ğŸ”¥
KGn-erOG-Bs,61
KGn-erOG-Bs,"61  M views ğŸ’¥ 
978 K like ğŸ’¥"
KGn-erOG-Bs,"Trending no. 1 .....

Old HONEY SHINGH is Back .........!"
KGn-erOG-Bs,Laal pariğŸ˜®
KGn-erOG-Bs,Aaj kon kon dekh rha h ğŸ˜‚ğŸ˜‚
KGn-erOG-Bs,Magic moment cranberry
KGn-erOG-Bs,Only Chitrangada singhâ¤
KGn-erOG-Bs,Honey Singh is back yah purane wala Honey Singh 2013 to 2016
KGn-erOG-Bs,Wow wonderful ğŸ‰ğŸ‰ğŸ‰ğŸ‰
KGn-erOG-Bs,Mangwado Mujh Ko Laal PariğŸ’ƒğŸ•ºğŸ˜ğŸ”¥ TRENDING #1ğŸ”¥
KGn-erOG-Bs,Laa pariğŸ‰
KGn-erOG-Bs,ğŸ‰
KGn-erOG-Bs,Yo Yoooooo ğŸ‰ğŸ˜®
KGn-erOG-Bs,â¤ğŸ‰
KGn-erOG-Bs,The king of music
KGn-erOG-Bs,â¤ğŸ‰
KGn-erOG-Bs,Yo yo honey singh â¤
KGn-erOG-Bs,ğŸ‰ğŸ‰
KGn-erOG-Bs,â¤â¤
KGn-erOG-Bs,Oye hoye Bajwa mohtarma kinni soni hai ... chhaaa gaye guru ... thoko taali
KGn-erOG-Bs,House full hone wala hağŸ‰ğŸ¥‚
KGn-erOG-Bs,Sahi bolu to honey Singh bollywood jaane se apne gaane ji sattya pitwaade ga  ğŸ˜¢ğŸ˜¢ğŸ˜¢ğŸ˜¢ sahi main honye singh ne lyrics gaye bole ha maza nhi aya bas ladki ke lyrics ache bus ğŸ˜¢ğŸ˜¢
KGn-erOG-Bs,Simar voice â¤ & paaji always ğŸ‰â¤
KGn-erOG-Bs,â¤â¤â¤
KGn-erOG-Bs,Love you paji
KGn-erOG-Bs,What a song man..... Extraordinary.. Loved itâ¤... Its going to song of the year â¤ï¸
KGn-erOG-Bs,YoYo â¤â¤â¤â¤â¤
KGn-erOG-Bs,â¤
KGn-erOG-Bs,â¤â¤
KGn-erOG-Bs,â¤â¤â¤
KGn-erOG-Bs,â¤â¤â¤â¤
KGn-erOG-Bs,â¤â¤â¤â¤â¤
KGn-erOG-Bs,YoYo pajiâ¤
KGn-erOG-Bs,â¤â¤â¤â¤â¤ğŸ‰ğŸ‰ğŸ‰ğŸ‰
KGn-erOG-Bs,No one can beat this song and this music ğŸ˜‚ yo yo honey singh
KGn-erOG-Bs,Bro yo yo honey  Singh ne hi female voice ko next level Kiya h yo yo honey sinfhâ¤â¤â¤
KGn-erOG-Bs,Any tamil people
KGn-erOG-Bs,This song will hit 1 billion views in two months
KGn-erOG-Bs,Laal pari is best song
KGn-erOG-Bs,Laal pari is best song
KGn-erOG-Bs,Is se accha bala tha
KGn-erOG-Bs,Kya ghatia gana hai kaha gya pura honey bhai ğŸ˜¢
KGn-erOG-Bs,Yoyo â¤â¤
KGn-erOG-Bs,"Raja bottle kholega....
koi bich na bolega....ğŸ˜"
KGn-erOG-Bs,ğŸ‘¦ğŸ§‘ğŸ§”
KGn-erOG-Bs,Superb
KGn-erOG-Bs,"Sir ji Sonam Bajwa laal  ice cream 
Sonam Bajwa is good ğŸ‘ğŸ‘ğŸ‘ğŸ‘ğŸ‘ğŸ‘ğŸ‘ğŸ‘ğŸ‘ğŸ‘ğŸ‘ğŸ‘ğŸ‘ğŸ‘ğŸ‘ğŸ‘ğŸ‘ğŸ‘ğŸ‘ğŸ‘ğŸ‘ğŸ‘ğŸ‘ğŸ‘ğŸ‘ğŸ‘ğŸ‘ğŸ‘ğŸ‘ğŸ‘ğŸ‘ğŸ‘ğŸ‘ğŸ‘ğŸ‘ğŸ‘ğŸ‘ğŸ‘ğŸ‘ğŸ‘ğŸ‘ğŸ‘ğŸ‘ğŸ‘ good"
KGn-erOG-Bs,1:31 perfect
KGn-erOG-Bs,"Bhai. Abto yakin huaa na , tiger ğŸ… kabhi tiger hi hota  hai. ,
Kaha gye bhai jo. Bol rahe the kisi ki comeback hi nahi ho rahi. But mai dekh Raha hu comeback pe comeback de rahe   honey sir , I love Honey sir. And I want to meet home sir please . Meri dream hai zindagi me ek baar   kabhi to milenge ğŸ˜¢ğŸ˜…."
KGn-erOG-Bs,Sobko kuch kuch rupiya indian army ki donation website me dena chahiye.. â¤ï¸
KGn-erOG-Bs,Nice
KGn-erOG-Bs,"60 mâ¤â¤done
600 milli soon"
KGn-erOG-Bs,kya wahiyaad gana hai
KGn-erOG-Bs,MANGWADO KOI MUJHE LAAL PARI ğŸ‰ğŸ¾ğŸ˜
KGn-erOG-Bs,"What the hell is laal pari ğŸ™ƒ,i am confused ğŸ¤”"
KGn-erOG-Bs,Honey Singh â¤â¤ Always my favourite â¤â¤
KGn-erOG-Bs,Los Angeles
KGn-erOG-Bs,Honey paji is back vibe like back days
KGn-erOG-Bs,Apni maa ki Lambi Umar ke liye 1 Like â¤
KGn-erOG-Bs,Yo yo papaâ¤â¤â¤â¤â¤â¤â¤â¤â¤â¤â¤â¤â¤â¤â¤â¤â¤â¤â¤â¤â¤â¤â¤â¤â¤â¤â¤â¤â¤â¤â¤â¤ğŸ˜‚ğŸ˜‚ğŸ˜‚â¤â¤â¤â¤â¤â¤â¤â¤â¤â¤â¤â¤â¤â¤â¤â¤â¤â¤â¤â¤â¤â¤â¤â¤â¤â¤â¤â¤â¤â¤â¤â¤â¤â¤ğŸ˜‚ğŸ˜‚â¤â¤ğŸ˜‚ğŸ˜‚ğŸ˜‚â¤â¤â¤â¤â¤â¤â¤â¤â¤â¤â¤â¤â¤â¤â¤â¤â¤â¤â¤â¤â¤â¤â¤â¤â¤â¤â¤â¤â¤â¤â¤ğŸ˜‚â¤â¤â¤â¤â¤â¤â¤â¤â¤â¤â¤â¤â¤â¤â¤â¤â¤â¤â¤â¤â¤â¤â¤â¤â¤â¤â¤â¤â¤â¤â¤â¤â¤â¤â¤â¤â¤â¤â¤â¤â¤â¤â¤â¤â¤â¤â¤â¤â¤â¤â¤â¤â¤â¤â¤â¤â¤â¤â¤â¤â¤â¤â¤â¤â¤â¤â¤â¤â¤â¤â¤â¤â¤â¤â¤â¤â¤â¤â¤â¤â¤â¤â¤â¤â¤â¤â¤â¤â¤â¤â¤â¤â¤â¤â¤â¤â¤â¤â¤â¤â¤â¤â¤â¤â¤â¤â¤â¤â¤â¤â¤â¤â¤â¤â¤â¤â¤â¤â¤â¤â¤â¤â¤â¤â¤â¤â¤â¤â¤â¤â¤â¤â¤â¤â¤â¤â¤â¤â¤â¤â¤â¤â¤â¤â¤â¤â¤â¤â¤â¤â¤â¤â¤â¤â¤â¤â¤â¤â¤â¤â¤â¤â¤â¤â¤â¤â¤â¤â¤â¤â¤â¤â¤â¤â¤â¤â¤â¤â¤â¤â¤â¤â¤â¤â¤â¤â¤â¤â¤â¤â¤â¤â¤â¤â¤â¤â¤â¤â¤â¤â¤â¤â¤â¤â¤â¤ğŸ‰ğŸ˜…â¤â¤â¤â¤â¤â¤â¤â¤â¤â¤â¤â¤â¤â¤â¤â¤â¤â¤â¤â¤â¤â¤â¤â¤â¤â¤â¤â¤â¤â¤â¤â¤â¤â¤â¤â¤â¤â¤â¤â¤â¤â¤â¤â¤â¤â¤â¤â¤â¤â¤â¤â¤â¤â¤â¤â¤â¤â¤â¤â¤â¤â¤â¤â¤â¤â¤â¤â¤â¤â¤â¤â¤â¤â¤â¤â¤â¤â¤â¤â¤â¤â¤â¤â¤â¤â¤â¤â¤â¤â¤â¤â¤â¤â¤â¤â¤â¤â¤â¤â¤â¤â¤â¤â¤â¤â¤â¤â¤â¤â¤â¤â¤â¤â¤â¤â¤â¤â¤â¤â¤â¤â¤â¤â¤â¤â¤â¤â¤â¤â¤â¤â¤â¤â¤â¤â¤â¤â¤â¤â¤â¤â¤â¤â¤â¤â¤â¤â¤â¤â¤â¤â¤â¤â¤â¤â¤â¤â¤â¤â¤â¤â¤â¤â¤â¤â¤â¤â¤â¤â¤â¤â¤â¤â¤â¤â¤â¤â¤â¤â¤ğŸ˜‚â¤â¤â¤â¤â¤â¤â¤â¤â¤â¤â¤ğŸ˜‚â¤â¤â¤â¤â¤â¤â¤â¤â¤â¤â¤â¤â¤ğŸ˜‚ğŸ˜‚â¤ğŸ˜‚ğŸ˜‚â¤ğŸ˜‚â¤â¤â¤â¤â¤â¤â¤â¤â¤â¤â¤â¤â¤â¤â¤â¤â¤â¤â¤â¤â¤â¤â¤
KGn-erOG-Bs,Solid bro âš¡
KGn-erOG-Bs,Yo yo honey Singh ko English song bana chahiye
KGn-erOG-Bs,25 crore tayar rakho
KGn-erOG-Bs,Love u paji
KGn-erOG-Bs,Thank you for your 27 subscribeers ğŸ‰
KGn-erOG-Bs,Ek dum suar gana
KGn-erOG-Bs,YOYO HONEY SINGHHHHâ¤
KGn-erOG-Bs,ğŸ‘ŒğŸ»ğŸ‘ŒğŸ»ğŸ‘ŒğŸ»
KGn-erOG-Bs,Female voice take this to next level ğŸ’¥
KGn-erOG-Bs,â¤â¤
KGn-erOG-Bs,Daily watchable ğŸ˜‚ğŸ˜‚Go for millions+Likes........ğŸ¥ğŸ’¥ğŸ¿âœ…ğŸ¥°
KGn-erOG-Bs,Yoyo
KGn-erOG-Bs,PleaseğŸ™ like ------>
KGn-erOG-Bs,The third one don't no how to dance
KGn-erOG-Bs,nice song yo yo honey pagi
KGn-erOG-Bs,Hi
KGn-erOG-Bs,"No badshah , no raftaar......

Everywhere one and only honey singh."
KGn-erOG-Bs,Batuk nhi hai ğŸ˜¢
KGn-erOG-Bs,Let's go for 100M ğŸ”¥
KGn-erOG-Bs,What a catchy music !!! ğŸ§ ğŸ¤¯ğŸ’¯
KGn-erOG-Bs,ğŸ˜ŠğŸ˜ŠğŸ˜Š
KGn-erOG-Bs,Yo yo honey Singh is King
KGn-erOG-Bs,â¤â¤â¤â¤â¤â¤
KGn-erOG-Bs,100 million soonâ¤
KGn-erOG-Bs,100 million soonâ¤
KGn-erOG-Bs,100 million soonâ¤
KGn-erOG-Bs,100 million soonâ¤
KGn-erOG-Bs,100 million soonâ¤
KGn-erOG-Bs,100 million soonâ¤
KGn-erOG-Bs,I'm here for saundarya â¤
KGn-erOG-Bs,"Baap baap hota hai,still in trendingâ¤"
KGn-erOG-Bs,That's our Honey Paaji ğŸ¥‡
KGn-erOG-Bs,Khilari iz backğŸ”¥ğŸ”¥ğŸ”¥ğŸ”¥
KGn-erOG-Bs,Yo yo is back â¤
KGn-erOG-Bs,Lal pari
KGn-erOG-Bs,Faad Bro
KGn-erOG-Bs,DO NOT SEE MUCH DIFF IN YOYO AND TONY NOW ğŸ™‚
KGn-erOG-Bs,2g era is back yo yo honey Singh â¤â¤
KGn-erOG-Bs,Lala pari madira ko kaha jata hai
KGn-erOG-Bs,999
KGn-erOG-Bs,999
KGn-erOG-Bs,999
KGn-erOG-Bs,999
KGn-erOG-Bs,999
KGn-erOG-Bs,999
KGn-erOG-Bs,999
KGn-erOG-Bs,999
KGn-erOG-Bs,999
KGn-erOG-Bs,999
KGn-erOG-Bs,999
KGn-erOG-Bs,â¤â¤YoYoâ¤â¤â¤â¤â¤
KGn-erOG-Bs,Bhai gajab
KGn-erOG-Bs,Yo yo â¤â¤
KGn-erOG-Bs,Wow nice lyrics ğŸ–¤ğŸ’«âœ¨
KGn-erOG-Bs,Guru ab mat  jana bhai kahi song (khat) vali vaib aagi vapis
KGn-erOG-Bs,â¤â¤â¤â¤â¤
KGn-erOG-Bs,Oldest hony
KGn-erOG-Bs,Yo yo honey Singh
KGn-erOG-Bs,Yo yo honey Singh â¤â¤â¤
KGn-erOG-Bs,"Lyrics 
Aafat Mere Gale Padhi
Demande Aati Badi-Badi
Pee Jaati Hai Khadi Khadi

Kyun Maange Chori laal pari


One Thing Iâ€™m For Sure Buddy
Daaru Ki Mujhe Todh Chadhi
Pee Jaungi Khadi Khadi
Mangwa Do Koi Mujhe Laal Pari

Laal Pari, Laal Pari, Laal Pari
Laal Pari, Laal Pari, Laal Pari
Mangwa Do Mujhko Laal Pari


Laal Pari, Laal Pari, Laal Pari
Laal Pari, Laal Pari, Laal Pari
Mangwa Do Mujhko Laal Pari


One Thing I'm For Sure Buddy
Daaru Ki Mujhe Todh Chadhi
Pee Jaungi Khadi Khadi
Mangwa Do Koi Mujhe Laal Pari


Mera Ranjha Botal Kholega Koi Na
Beech Mein Bolega
Chahe Mujhko Laal Badi
Mangwade Fir Bhi Laal Badi

Dil Jaave Mera Pigal Pigal Pigal
Jad Kardi Tu Wiggle Wiggle Wiggle
Pee Jaavan Tainu Neat laake
Jiven Malt Tu Single Single Single
Je Tu Malt Ae Single Single Single
Fir Main Bhi haa Single Single Single

Kara Tainu Godi Bitha Ke Gudgudiyan
Tingle Tingle Tingle
Lain De Single Tingle Peace
Jad Mainu Kar Di Tease
Seene Wich Machdi Cheez


Iâ€™m From Punjab Police
Freeze
Put Your Hands Up And Freeze
Put Your Hands Up And Freeze
Put Your Hands Up And Freeze
Iâ€™m From Punjab Police

One Thing I'm For Sure Buddy
Daaru Ki Mujhe Todh Chadhi
Pee Jaungi Khadi Khadi
Mangwa Do Koi Mujhe Laal Pari

Laal Pari, Laal Pari, Laal Pari
Laal Pari, Laal Pari, Laal Pari
Mangwa Do Mujhko Laal Pari"
KGn-erOG-Bs,"*Yo yo Honey singh*
Must be in starting of song"
KGn-erOG-Bs,Missing Kriti sanon ğŸ˜¢
KGn-erOG-Bs,Very Nice Song â¤ï¸ğŸ”¥ğŸ«¶
KGn-erOG-Bs,Oppss..
KGn-erOG-Bs,Pura ka pura bollywood industry in one song lall pari song
KGn-erOG-Bs,"Lall pari song is ğŸ˜ˆğŸ˜ˆğŸ’€ğŸ’€â˜ ï¸â˜ ï¸ğŸ”¥ğŸ”¥ğŸ”¥ğŸ”¥
But  after  the lall pari song is lanched garmi song be like me to chutia hun yaar lall pari song ke samne ğŸ«¨ğŸ«¨ğŸ˜µâ€ğŸ’«ğŸ˜µâ€ğŸ’«ğŸ˜¢ğŸ˜¢ğŸ˜¢ğŸ˜¢ğŸ˜¥ğŸ˜¥     Yo yo honey Singh is ğŸ”¥ğŸ”¥ğŸ”¥ğŸ”¥ğŸ’€ğŸ’€
Badsah after yo yo honey Singh comeback be like ğŸ˜·ğŸ¤•ğŸ¤•ğŸ¤§ğŸ¤§ğŸ˜µâ€ğŸ’«ğŸ˜µâ€ğŸ’«ğŸ˜­ğŸ˜­"
KGn-erOG-Bs,Sounding like Garmi song
KGn-erOG-Bs,Mangwado Mujh ko laal pariğŸ”¥ğŸ’¥ğŸ”¥ğŸ‡®ğŸ‡³100 / million hoga
KGn-erOG-Bs,1M. likes complete kardo guys bahut pass hai ğŸ”¥ğŸ”¥ğŸ”¥ğŸ”¥ğŸ”¥ğŸ”¥ğŸ”¥ğŸ”¥ğŸ”¥ğŸ”¥ğŸ”¥
KGn-erOG-Bs,AwesomeğŸ‘ğŸ‘ğŸ‘ğŸ‘ğŸ‘
KGn-erOG-Bs,Lalparisong
KGn-erOG-Bs,ğŸ¤®ğŸ¤®ğŸ¤®ğŸ¤®
KGn-erOG-Bs,â¤
KGn-erOG-Bs,ğŸ‰ğŸ‰ğŸ‰
KGn-erOG-Bs,Housefull setting standards after every sequel ğŸ”¥â¤
KGn-erOG-Bs,bluetooth aura is back
KGn-erOG-Bs,60 Million ViewsğŸ˜± Laal PariğŸ¾
KGn-erOG-Bs,Kaun-kaun yahan Instagram se aaya haiğŸ˜‚
KGn-erOG-Bs,Lal pari nice songğŸ‰
KGn-erOG-Bs,ğŸ”¥ğŸ”¥ğŸ”¥ğŸ”¥
KGn-erOG-Bs,ğŸ‰ğŸ‰ğŸ‰
KGn-erOG-Bs,â¤â¤
KGn-erOG-Bs,â¤â¤
KGn-erOG-Bs,â¤â¤
KGn-erOG-Bs,â¤
KGn-erOG-Bs,â¤
KGn-erOG-Bs,â¤â¤
KGn-erOG-Bs,â¤â¤â¤
KGn-erOG-Bs,â¤â¤â¤â¤
KGn-erOG-Bs,â¤â¤â¤â¤â¤
KGn-erOG-Bs,Malayalikal undo?
KGn-erOG-Bs,I love this songâ¤â¤â¤â¤â¤ğŸ˜ŠğŸ˜ŠğŸ˜ŠğŸ˜ŠğŸ˜Š
KGn-erOG-Bs,19 days and itâ€™s trending on #1
KGn-erOG-Bs,Bluetooth king
KGn-erOG-Bs,What a crap song. Utter disgrace.
KGn-erOG-Bs,Yo yo sir Punjab police Sanju baba police wale honge movie ğŸ‰ğŸ‰ğŸ‰ğŸ‰ğŸ‰
KGn-erOG-Bs,1:40 jackline superb â¤
KGn-erOG-Bs,who thinks sonam looks more hot than other hac and nargis?
KGn-erOG-Bs,100 Milloon soon guysğŸ”¥ğŸ”¥ğŸ”¥ğŸ¥³
KGn-erOG-Bs,"à¤®à¤¾à¤°à¥à¤•à¥‡à¤Ÿ à¤¨à¥‡ à¤‡à¤¤à¤¨à¥€ à¤…à¤šà¥à¤›à¥€ à¤…à¤šà¥à¤›à¥€ à¤¶à¤°à¤¾à¤¬ à¤¹à¥ˆ, à¤²à¥‡à¤•à¤¿à¤¨ à¤¯à¥‡ 70 à¤°à¥à¤ªà¤ à¤µà¤¾à¤²à¥€ à¤²à¤¾à¤²à¤ªà¤°à¥€ à¤•à¥€ à¤à¤¸à¥€ à¤•à¥à¤¯à¤¾ à¤œà¤°à¥‚à¤°à¤¤ à¤ªà¤¡à¤¼ à¤—à¤ˆà¥¤"
KGn-erOG-Bs,yo-yo honey pajiâ¤â¤â¤â¤â¤
KGn-erOG-Bs,Ye big boss wali doctor isme kya kar rahi hğŸ˜®
KGn-erOG-Bs,"""Yo Yo Honey Singh is back with a bang! 'Laal Pari' totally sets the vibe on fire! The beats, the style, the energy â€“ everything is just superhit! Definitely a song to dance to!"" â¤ğŸ‰ğŸ‰ ğŸ‰"
KGn-erOG-Bs,Yo yo honey Singh â™¥ï¸ğŸ™ to bol de
KGn-erOG-Bs,The hook stepğŸ™Œ
KGn-erOG-Bs,Next ğŸ’£ from bollywood
KGn-erOG-Bs,It was magic when honey Singh started to rap.
KGn-erOG-Bs,King yoyohoneysingh â¤â¤
KGn-erOG-Bs,Kiya gaatiya gaana . Ajkal ka gaana meh na Shir hai na pao
KGn-erOG-Bs,Thanks for 50 subscriber's ğŸ˜…â¤
KGn-erOG-Bs,Aujla looking handsome then Vicky
KGn-erOG-Bs,Who watching 2026ğŸ˜‚
KGn-erOG-Bs,"0:01 & 2:00 
old voice is back 

Btw gane ke lyrics ki koi sense nahi mn rahi ğŸ˜‚"
KGn-erOG-Bs,Old honey songs ko aate he yaad krnae laga jata tha school mai gaane Kai liyae dosto Kai bich Mai ğŸ˜‚pr ab toa bkwas rap Gata h like tony Kakkar Jo honey sing fan hongye purane unn logo yae pta chalta hoga ğŸ˜¢
KGn-erOG-Bs,"60 million next 70 million ğŸ‰ğŸ‰ğŸ‰
Yo Yo honey singh paji ğŸ”¥ğŸ”¥ğŸ”¥ğŸ”¥ 
Laal pari ğŸ’ƒğŸ’ƒğŸ’ƒğŸ’ƒğŸ’ƒğŸ’ƒğŸ’ƒğŸ’ƒ"
KGn-erOG-Bs,60 Million crossed ğŸ’¥
KGn-erOG-Bs,Bhot asla pure 60 million views
KGn-erOG-Bs,ğŸ’¯ğŸ’¯ğŸ’¯ğŸ’¯ğŸ’¯ğŸ’¯â¤ï¸â€ğŸ”¥â¤ï¸â€ğŸ”¥â¤ï¸â€ğŸ”¥â¤ï¸â€ğŸ”¥â¤ï¸â€ğŸ”¥â¤ï¸â€ğŸ”¥ğŸ’¯ğŸ’¯ğŸ’¯ğŸ’¯ğŸ‘ğŸ‘ğŸ‘ğŸ‘ğŸ‘ğŸ˜ğŸ˜ğŸ˜
KGn-erOG-Bs,Thanks for 18 subscribe â¤ğŸ˜…
KGn-erOG-Bs,fantastic item song very nice ğŸ”¥ğŸ”¥ğŸ”¥ğŸ”¥ğŸ”¥ğŸ”¥ğŸ‘
KGn-erOG-Bs,Lal Pari
KGn-erOG-Bs,â¤â¤â¤
KGn-erOG-Bs,Yo yo fans please like ğŸ‘
KGn-erOG-Bs,1:44 mint mai anewali actresses kon hai?
KGn-erOG-Bs,â¤60M
KGn-erOG-Bs,ğŸ˜®ğŸ˜®ğŸ˜®
KGn-erOG-Bs,House full 5 Girls are Fire..ğŸ”¥ğŸ”¥ Can't wait to see this in theater...ğŸ”¥ğŸ”¥
KGn-erOG-Bs,"Finally not a remix, a fresh songğŸ’Ÿ"
KGn-erOG-Bs,Simar kaurâ¤
KGn-erOG-Bs,Super star....â¤ coming movie ğŸ¥
KGn-erOG-Bs,Mast hai gana â¤â¤â¤
KGn-erOG-Bs,"16 à¤¸à¤¾à¤² à¤¬à¤¾à¤¦ , à¤®à¥ˆà¤‚à¤¨à¥‡ à¤¸à¥€à¤–à¤¾ à¤•à¤¿ à¤•à¤®à¥‡à¤‚à¤Ÿ à¤®à¥‡à¤‚ à¤¡à¤¬à¤² à¤Ÿà¤šà¤¿à¤‚à¤— à¤ªà¤¸à¤‚à¤¦ à¤¹à¥ˆ"
KGn-erOG-Bs,Yo yo Honey Singh always Rock starğŸ‰ğŸ‰ğŸ‰ğŸ‰
KGn-erOG-Bs,Yoi
KGn-erOG-Bs,Badsha vale fan be like ğŸ˜‚
KGn-erOG-Bs,100 MILLION KRAOOO guysssâ¤
KGn-erOG-Bs,"Ezcept Chingle wingle tingle,
Entire song sung by this unique voice female, don't know why every one praising Yu Yu"
KGn-erOG-Bs,Finally Old Raju Is Back In The Vedio
KGn-erOG-Bs,Lal pari yo yo honey Singha is come back 2:31
KGn-erOG-Bs,ğŸ˜ŠğŸ˜Š
KGn-erOG-Bs,Honey king
KGn-erOG-Bs,Will Watch this movie only and only for Sonam.
KGn-erOG-Bs,Chitrangada fully ignored
KGn-erOG-Bs,Who's listening 21 May
KGn-erOG-Bs,Sonam bajwağŸ˜Šâ¤
KGn-erOG-Bs,when alfaaz on lyricsğŸ’€
KGn-erOG-Bs,Wha paji
KGn-erOG-Bs,Music ğŸ”¥ğŸ”¥
KGn-erOG-Bs,60 million views complete â¤ï¸ğŸ”¥
KGn-erOG-Bs,mujhe vi ek laal pari chahiye.
KGn-erOG-Bs,"Love From Bangladesh ğŸ‡§ğŸ‡© 
Hunny Singh is the Bigg Boss ğŸ§â™¥ï¸ğŸ¤Ÿ"
KGn-erOG-Bs,Sonam baajwaâ¤ï¸ğŸ¥° Queen
KGn-erOG-Bs,App ki mehnat rang layi bhai ğŸ‰
KGn-erOG-Bs,naice song
KGn-erOG-Bs,Female voice in this songâ€¦.Next level
KGn-erOG-Bs,Love this song
KGn-erOG-Bs,Kis kis ne pi he laal pari
KGn-erOG-Bs,Jo subscribe nhi karega wo Kasam se exam me fail ho jayega
KGn-erOG-Bs,â¤â¤â¤
KGn-erOG-Bs,Yo yo paji tussi kamal krte ho yrrr â¤ï¸â¤ï¸â¤ï¸â¤ï¸ female vocalist too did a fab job ğŸ˜ŠğŸ˜ŠğŸ˜‡ğŸ˜‡
KGn-erOG-Bs,6 CR+
KGn-erOG-Bs,"Isko 100 million hone se koi ni skta

Firrr tabahii"
KGn-erOG-Bs,"HoneY Singh 2024 
Glory album Blockbuster 

Now cracking Bollywood music 60 m+"
KGn-erOG-Bs,"60 million 

Power of Hon-Y Singh ğŸ”¥ Music"
KGn-erOG-Bs,21 may still trending 2 in Bangladesh â¤ğŸ‰
KGn-erOG-Bs,YoYo honey singhaa
KGn-erOG-Bs,Yo yo â¤â¤â¤
KGn-erOG-Bs,"I am just here for sonam bajwa 
Baki sab k sab locl fzol hy"
KGn-erOG-Bs,Music is OG ğŸ˜ HONEY PAAJI â¤â¤
KGn-erOG-Bs,What is laal pari?
KGn-erOG-Bs,I love houseful series
KGn-erOG-Bs,This song is one sided dominated by the female artist
KGn-erOG-Bs,Love you ğŸ˜˜â¤ğŸ‰
KGn-erOG-Bs,Love you Too ğŸ˜˜â¤ï¸â¤ï¸â¤ï¸â¤ï¸
KGn-erOG-Bs,Very over acting casting all members Very over acting ğŸ­
KGn-erOG-Bs,Heavy
KGn-erOG-Bs,Female actors have done far better than their male counterparts.
KGn-erOG-Bs,No 1
KGn-erOG-Bs,Og is back
KGn-erOG-Bs,Old Honey Singh is back ğŸ”¥
KGn-erOG-Bs,ğŸ˜ŠğŸ˜Š
KGn-erOG-Bs,60 mn done babayğŸ‰ğŸ‰ğŸ‰
KGn-erOG-Bs,Kaun kis ka mal hain kuch samajh nahi a raha hain
KGn-erOG-Bs,Sabar best part 2 tha ab dekhte hai 5 kya karega
KGn-erOG-Bs,Ab koi kisi ko comeback karne ko nahi bolega
KGn-erOG-Bs,ğŸš¨  siren ki awaaz ğŸ˜‚ğŸ˜‚ğŸ˜‚ğŸ˜‚ğŸ˜‚
KGn-erOG-Bs,Yo Yo The Goat ğŸ¤ŒğŸ’¯ğŸ’œ
KGn-erOG-Bs,Yo yo era is back ready guysğŸ‰ğŸ‰ğŸ‰ğŸ‰ğŸ‰ğŸ‰ğŸ‰ğŸ‰ğŸ‰ğŸ‰ğŸ‰ğŸ‰ğŸ‰
KGn-erOG-Bs,Sonam Bajwa is fire
KGn-erOG-Bs,â¤
KGn-erOG-Bs,â¤â¤
KGn-erOG-Bs,â¤â¤â¤
KGn-erOG-Bs,â¤â¤â¤â¤
KGn-erOG-Bs,Legend entry 2.26 second....â¤
KGn-erOG-Bs,â¤â¤â¤â¤â¤
KGn-erOG-Bs,Faltu movie k faltu spng
KGn-erOG-Bs,Ye purple dress me ladki kon h â¤â¤ laal pari
KGn-erOG-Bs,The siran sample used by YYHS O.GğŸ”¥ğŸ’¯ğŸ—¿
KGn-erOG-Bs,Honey Singh â¤â¤â¤â¤
KGn-erOG-Bs,AwesomeğŸ‘ğŸ‘ğŸ‘ğŸ‘ğŸ‘
KGn-erOG-Bs,1:45 who is sheee
KGn-erOG-Bs,17day 60M views ğŸ”¥ğŸ”¥ğŸ˜±ğŸ˜±
KGn-erOG-Bs,60âœ…
KGn-erOG-Bs,"Nice song laapari ,,,,,,,,,,,I love  you  always yoyo"
KGn-erOG-Bs,60 million views completed ğŸ‰
KGn-erOG-Bs,Teaser hi trending meh aagya â¤â¤ğŸ‘‘âœ¨YO YO
KGn-erOG-Bs,My favorite song li love this song so much â¤
KGn-erOG-Bs,Honey Singh ke aage koi nahi tik sakta chahe mikka ho ya badshah ğŸ˜‚ğŸ˜‚
KGn-erOG-Bs,Lal thik hai par housefull 5 i am excited
KGn-erOG-Bs,Kitni bar bhi sunloo Kam h
KGn-erOG-Bs,Yoyo
KGn-erOG-Bs,beats like garmi
KGn-erOG-Bs,Old voice cracyğŸ˜®â¤ğŸ‰
KGn-erOG-Bs,Ek song me pura BOLLYWOOD KO LE AAYA BHAI ğŸ˜Š
KGn-erOG-Bs,Main to credit de do
KGn-erOG-Bs,Topi wala seen nikal dalo
KGn-erOG-Bs,"Am I the only one who thinks they took a lot of background dancers for this ?
Canâ€™t even recognise half of the cast because of it"
KGn-erOG-Bs,Apana bhai honey Singh
KGn-erOG-Bs,Kiya song hai yr ğŸ‰ğŸ‰ğŸ‰ğŸ‰ğŸ‰
KGn-erOG-Bs,Og honey is back
KGn-erOG-Bs,Sonam please don't waste your tallent in this kinda sh*ty franchise banners
KGn-erOG-Bs,Laal pari â¤â¤â¤
KGn-erOG-Bs,Mujhko zindagi bhar chahiye laal pair â¤ğŸ˜‚ğŸ˜‚ğŸ˜ŠğŸ˜ŠğŸ˜Š
KGn-erOG-Bs,Thik h I'm wat shidhu song
KGn-erOG-Bs,Laal pari ko udhaunga
KGn-erOG-Bs,Best yo yo honey singh â¤â¤â¤â¤â¤â¤â¤â¤â¤â¤â¤â¤â¤ my favourite singer â¤â¤â¤â¤â¤â¤
KGn-erOG-Bs,Yo yo : Old legendary attitude voice and female singer also sing very well
KGn-erOG-Bs,Very good â¤â¤
KGn-erOG-Bs,Good song actually but honey singhs part kinda ruins it for me
KGn-erOG-Bs,Ye housefull ki kitni series aayegi ğŸ˜…
KGn-erOG-Bs,ğŸ˜‚ğŸ˜‚
KGn-erOG-Bs,AwesomeğŸ‘ğŸ‘ğŸ‘ğŸ‘
KGn-erOG-Bs,YO YO ğŸ˜®
KGn-erOG-Bs,YO YO HONEY PAJJI ON TOP OF ALL TIME
KGn-erOG-Bs,Honey Singhhhhhhh is back!!!ğŸ˜Š
KGn-erOG-Bs,Still trending #1
KGn-erOG-Bs,I think isme ye log kisi jhoothe case me fasne vale hai
KGn-erOG-Bs,Bhai rap karna chhordo..
KGn-erOG-Bs,2:1  yo yo  myyy gods
KGn-erOG-Bs,Chitrangada is barely there
KGn-erOG-Bs,Peechla 5 Dino sa lagatar repeat ğŸ” pa sun rha hon ğŸ¥µğŸ¥µğŸ¥µ
KGn-erOG-Bs,"After a long time 
Bollywood made a listenable song ğŸ¥³ğŸ¥³ğŸ«¶ğŸ»"
KGn-erOG-Bs,Khaendi yo yo honey â¤â¤â¤
KGn-erOG-Bs,Everything is temporary but â€œAkhri pastaâ€ is permanent in all houseful  movies ğŸ˜‚
KGn-erOG-Bs,Guys mane bhi banye ha is pa reel please ğŸ¥º spot me ğŸ˜¢
KGn-erOG-Bs,â¤â¤â¤â¤â¤
KGn-erOG-Bs,â¤ğŸ˜Š
KGn-erOG-Bs,Laal pari
KGn-erOG-Bs,Msrtc laal pariğŸ˜‚ğŸ˜‚ğŸ˜‚
KGn-erOG-Bs,Song starts - lal pari - end lal pariğŸ˜‚ whole song depends on lal pari
KGn-erOG-Bs,ğŸ˜‚ğŸ˜‚ğŸ˜‚ 0:40
KGn-erOG-Bs,MssttğŸ‰
KGn-erOG-Bs,YouTube Algorithm Hacked By Yo Yo Army ğŸ˜‹ğŸ˜‹ğŸ˜‹
KGn-erOG-Bs,Yo Yo ka Music Red wine ka nasha dhire dhire surur bnata haiâ¤â¤â¤
KGn-erOG-Bs,Yo Yo Music â¤â¤â¤
KGn-erOG-Bs,Saara Gaana Female singer ne gaaya aur comment me credit Honey singh le gya ğŸ¤¦. Mai honey Singh ka hater nhi hu
KGn-erOG-Bs,Yoyo is fire
KGn-erOG-Bs,ğŸ‘ğŸ¿ğŸ‘ğŸ¿ğŸ‘ğŸ¿ğŸ‘ğŸ¿ğŸ‘ğŸ¿ğŸ‘ğŸ¿ğŸ‘ğŸ¿ğŸ‘ğŸ¿ğŸ‘ğŸ¿ğŸ†˜ğŸ¥³ğŸ•˜ğŸ†˜ğŸ•˜ğŸ¥³ğŸ¥³ğŸ˜‚ğŸ¥³ğŸ”ğŸ¥³ğŸ”ğŸ¥³ğŸ”ğŸ¥³ğŸ†˜ğŸ”ğŸ˜´ğŸ•˜â™¥ï¸ğŸ•˜âš±ï¸ğŸ”•ğŸ˜‹ğŸ”•ğŸ˜šğŸ˜‹ğŸ˜šğŸ”•âš±ï¸ğŸ”•ğŸ•˜âš±ï¸ğŸ•˜ğŸ”•ğŸ†˜ğŸ•˜ğŸ•¥ğŸ†˜ğŸ¥³
KGn-erOG-Bs,ğŸ‘ŒğŸ‘ŒğŸ‘Œ
KGn-erOG-Bs,ğŸ‰ğŸ‰ğŸ‰
KGn-erOG-Bs,Comeback into 100/100ğŸ˜‚ğŸ˜‚ğŸ˜‚â¤â¤â¤â¤
KGn-erOG-Bs,"Best Song Of Honey Singh After So Many Years as a Lyricist and Music, Female Singer Rocks in The  song"
KGn-erOG-Bs,Thanks to this film cast...jiski wajah se abhishek Bachchan ka ghr chal rha
KGn-erOG-Bs,Simar Kaur....
KGn-erOG-Bs,ğŸ˜¢sindh kaaa brand laal pari
KGn-erOG-Bs,just good vibe from the song lol
KGn-erOG-Bs,Yo yo honey singh â¤
KGn-erOG-Bs,à¤«à¥à¤² à¤¬à¤µà¤¾à¤¸à¥€à¤°ğŸ˜‚ğŸ˜‚
KGn-erOG-Bs,Super hit
KGn-erOG-Bs,ğŸ˜‚ğŸ˜‚ğŸ˜‚ğŸ˜‚ğŸ˜‚ğŸ˜‚ğŸ˜‚ğŸ˜‚ğŸ˜‚ğŸ˜‚ğŸ˜‚ğŸ˜‚
KGn-erOG-Bs,Only Soundarya Sharma look like very beautiful wonderful because it's different face of Bollywood
KGn-erOG-Bs,Yo Yo Honey singhhhhhhhğŸ‘‘
KGn-erOG-Bs,Honey paaji fansâ¤â¤â¤
KGn-erOG-Bs,All chhapri One frame
KGn-erOG-Bs,â¤â¤â¤
KGn-erOG-Bs,KahA hai badshah honey singh is back to bollywood
KGn-erOG-Bs,â¤â¤â¤â¤
KGn-erOG-Bs,ğŸ˜ŠğŸ˜ŠğŸ˜Š
KGn-erOG-Bs,Nice song â¤â¤â¤â¤
KGn-erOG-Bs,Super ğŸ˜Š
KGn-erOG-Bs,ğŸ”¥ğŸ”¥ğŸ”¥
KGn-erOG-Bs,â¤â¤â¤
KGn-erOG-Bs,â¤â¤â¤
KGn-erOG-Bs,How much pay this song
KGn-erOG-Bs,Guys aaj 60M ho jai
KGn-erOG-Bs,Wah no1 treading ğŸ‰ğŸ˜ŠğŸ˜®
KGn-erOG-Bs,Honey Singh paaji ğŸ¥µ
KGn-erOG-Bs,Lal pari ğŸ”¥â¤ï¸
KGn-erOG-Bs,ğŸ‰
KGn-erOG-Bs,Wow my god ğŸ‰ğŸ‰
KGn-erOG-Bs,Yo Yo honey singh best
KGn-erOG-Bs,â¤â¤â¤â¤â¤
KGn-erOG-Bs,ğŸ
KGn-erOG-Bs,1:51 â¤
KGn-erOG-Bs,1:06 â¤â¤
KGn-erOG-Bs,4th couple?
KGn-erOG-Bs,â¤â¤â¤â¤
KGn-erOG-Bs,ğŸ‘‡ğŸ»ğŸ‘‡ğŸ»ğŸ‘‡ğŸ»ğŸ‘‡ğŸ»ğŸ‘‡ğŸ»ğŸ‘‡ğŸ»
KGn-erOG-Bs,Subscribe pleasedğŸ˜¢ğŸ˜¢
KGn-erOG-Bs,fire ğŸ”¥
KGn-erOG-Bs,Kehndi Yo yo honey singh
KGn-erOG-Bs,Bdia
KGn-erOG-Bs,"Yeah Trending No. 1
Our Yo! Yo! HONEY Singh ğŸ”¥ğŸ”¥"
KGn-erOG-Bs,"à¤•à¥‹à¤ˆ à¤šà¤°à¤¾à¤—à¤¼ à¤œà¤²à¤¾à¤¤à¤¾ à¤¨à¤¹à¥€à¤‚ à¤¸à¤²à¥€à¤•à¤¼à¥‡ à¤¸à¥‡,
à¤®à¤—à¤° à¤¸à¤­à¥€ à¤•à¥‹ à¤¶à¤¿à¤•à¤¾à¤¯à¤¤ à¤¹à¤µà¤¾ à¤¸à¥‡ à¤¹à¥‹à¤¤à¥€ à¤¹à¥ˆ"
KGn-erOG-Bs,"à¤•à¥‹à¤ˆ à¤šà¤°à¤¾à¤—à¤¼ à¤œà¤²à¤¾à¤¤à¤¾ à¤¨à¤¹à¥€à¤‚ à¤¸à¤²à¥€à¤•à¤¼à¥‡ à¤¸à¥‡,
à¤®à¤—à¤° à¤¸à¤­à¥€ à¤•à¥‹ à¤¶à¤¿à¤•à¤¾à¤¯à¤¤ à¤¹à¤µà¤¾ à¤¸à¥‡ à¤¹à¥‹à¤¤à¥€ à¤¹à¥ˆ"
KGn-erOG-Bs,"à¤•à¥‹à¤ˆ à¤šà¤°à¤¾à¤—à¤¼ à¤œà¤²à¤¾à¤¤à¤¾ à¤¨à¤¹à¥€à¤‚ à¤¸à¤²à¥€à¤•à¤¼à¥‡ à¤¸à¥‡,
à¤®à¤—à¤° à¤¸à¤­à¥€ à¤•à¥‹ à¤¶à¤¿à¤•à¤¾à¤¯à¤¤ à¤¹à¤µà¤¾ à¤¸à¥‡ à¤¹à¥‹à¤¤à¥€ à¤¹à¥ˆ"
KGn-erOG-Bs,Stupid song.
KGn-erOG-Bs,â¤â¤ğŸ‰ğŸ‰ğŸ‰ğŸ‰ğŸ‰
KGn-erOG-Bs,Trending in 5 in Nepal
KGn-erOG-Bs,"à¤•à¥‹à¤ˆ à¤šà¤°à¤¾à¤—à¤¼ à¤œà¤²à¤¾à¤¤à¤¾ à¤¨à¤¹à¥€à¤‚ à¤¸à¤²à¥€à¤•à¤¼à¥‡ à¤¸à¥‡,
à¤®à¤—à¤° à¤¸à¤­à¥€ à¤•à¥‹ à¤¶à¤¿à¤•à¤¾à¤¯à¤¤ à¤¹à¤µà¤¾ à¤¸à¥‡ à¤¹à¥‹à¤¤à¥€ à¤¹à¥ˆ

Er manoj"
KGn-erOG-Bs,"à¤•à¥‹à¤ˆ à¤šà¤°à¤¾à¤—à¤¼ à¤œà¤²à¤¾à¤¤à¤¾ à¤¨à¤¹à¥€à¤‚ à¤¸à¤²à¥€à¤•à¤¼à¥‡ à¤¸à¥‡,
à¤®à¤—à¤° à¤¸à¤­à¥€ à¤•à¥‹ à¤¶à¤¿à¤•à¤¾à¤¯à¤¤ à¤¹à¤µà¤¾ à¤¸à¥‡ à¤¹à¥‹à¤¤à¥€ à¤¹à¥ˆ

 Er Manoj"
KGn-erOG-Bs,Student gather
KGn-erOG-Bs,HOUSEFULL 5 perfect song
KGn-erOG-Bs,My god honey going through the fire man. ğŸ”¥ğŸ”¥ğŸ”¥ğŸ”¥ Let's go 2014 vibe. To conquer the world ğŸ˜ˆğŸ˜ˆ.
KGn-erOG-Bs,Yoyo is finally back. ğŸ˜¢ğŸ˜¢
KGn-erOG-Bs,"Thanks for appreciating this verse so much
I am seeing that this song is getting popular after one and half year
Thanks for your love and support"
KGn-erOG-Bs,"Party Daaru ladki se kabhi upar nahi uth paaya honey singh.. 

Kaise kaise wahiyat gaane banata hai."
KGn-erOG-Bs,Ye song osm hai but kuch kahenge ki duplicate content hai ğŸ‰ğŸ‰ğŸ‰ğŸ‰ğŸ˜‚ğŸ˜‚
KGn-erOG-Bs,à¤¸à¤µ à¤°à¤¹à¥‡à¤—à¤¾ à¤ªà¥‡à¤‚à¤¡à¤¿à¤‚à¤— à¤®à¥‡à¤‚ à¤®à¥‡à¤°à¤¾ à¤­à¤¾à¤ˆ à¤°à¤¹à¥‡à¤—à¤¾ à¤Ÿà¥à¤°à¥‡à¤¨à¥à¤¡à¤¿à¤‚à¤— à¤®à¥‡à¤‚ ğŸ˜˜
KGn-erOG-Bs,Honey pajii â¤â¤â¤â¤â¤â¤ğŸ”¥ğŸ”¥ğŸ”¥
KGn-erOG-Bs,59
KGn-erOG-Bs,Red cap Head swing move copycat.....issue Escalated.
KGn-erOG-Bs,60 million bohot jaldiiiğŸ˜‚ğŸ‰ğŸ‰
KGn-erOG-Bs,Keep supporting guys 2 milion subscriber family ğŸ˜‚
KGn-erOG-Bs,Jacy rocks here
KGn-erOG-Bs,jonny walker { red level }
KGn-erOG-Bs,Lyrics: ALFAZ ğŸ¤ğŸŒ¸
KGn-erOG-Bs,Nice movie
KGn-erOG-Bs,Lall pari â¤â¤â¤â¤â¤ ameging lall pari
KGn-erOG-Bs,Yo yo honey singh ji sab ka baap hai ğŸ˜‚ğŸ˜‚ pawer of yo yo h s â¤
KGn-erOG-Bs,This is all of honey singh power
KGn-erOG-Bs,This song is sound like my childhood song ...rail chali bhai rail chali ğŸ˜
KGn-erOG-Bs,Sach main accha gaya hai ye song maza aagayağŸ‰ğŸ‰ğŸ‰ğŸ‰ğŸ‰ğŸ‰ğŸ‰ğŸ‰ğŸ‰ğŸ‰ğŸ‰ğŸ‰ğŸ‰ğŸ‰
KGn-erOG-Bs,ğŸ˜‚ğŸ˜‚ğŸ˜‚ğŸ˜‚ğŸ˜‚ğŸ˜‚ğŸ˜‚
KGn-erOG-Bs,Mangwado koi lal pari
KGn-erOG-Bs,Waah kya lyrics hai ğŸ˜‚
KGn-erOG-Bs,1:38
KGn-erOG-Bs,ğŸ˜…
KGn-erOG-Bs,ğŸ˜®
KGn-erOG-Bs,16 days ho Gaye phir BH I trending we nhi hata â¤
KGn-erOG-Bs,ğŸ˜ŠğŸ˜Š
KGn-erOG-Bs,Love from Bangladesh â¤
KGn-erOG-Bs,Kon kon roj views dekhne ata hai ğŸ˜Š
KGn-erOG-Bs,Lal pari ğŸ˜‚ğŸ˜‚ğŸ˜‚
KGn-erOG-Bs,Bluetooth Era back. ğŸ˜»âœ¨
KGn-erOG-Bs,â¤â¤â¤â¤â¤â¤â¤
KGn-erOG-Bs,â¤
KGn-erOG-Bs,ğŸ‰
KGn-erOG-Bs,Thanks for subscribe 1k
KGn-erOG-Bs,Yo yo honey Singhâ¤â¤â¤â¤â¤â¤â¤â¤â¤â¤â¤â¤â¤
KGn-erOG-Bs,Bhai log aaj 60M ho jai
KGn-erOG-Bs,Yo Yo Honey Singh ğŸ”¥ğŸ”¥
KGn-erOG-Bs,"Bhai log 
aaj 60M hojana chaye lğŸ‰"
KGn-erOG-Bs,Cheap.
KGn-erOG-Bs,Neha kakkar se bhi jyada besuri.... N kaam phad..... ğŸ˜‚
KGn-erOG-Bs,ğŸ‰
KGn-erOG-Bs,â¤
KGn-erOG-Bs,These days honey singh knows how to ruin a  song with his rap
KGn-erOG-Bs,Honey Singh ğŸ”¥
KGn-erOG-Bs,SidhuMooseWala â˜ï¸
KGn-erOG-Bs,Yo Yo â¤
KGn-erOG-Bs,Hit for 1 million likeâ¤â¤
KGn-erOG-Bs,Female voice awesome
KGn-erOG-Bs,Sonam bajwa good dancer â¤â¤â¤â¤
KGn-erOG-Bs,59âœ…ï¸
KGn-erOG-Bs,Tading on bosssğŸ˜®ğŸ˜®
KGn-erOG-Bs,A10 after hearing this songğŸ¥²
KGn-erOG-Bs,1M. likes complete kardo guys next level wibe hai ğŸ”¥ğŸ”¥ğŸ”¥ğŸ”¥ğŸ‘‘ğŸ”¥ğŸ”¥ğŸ”¥ğŸ”¥ğŸ”¥ğŸ”¥ğŸ”¥ğŸ”¥ğŸ”¥ğŸ”¥ğŸ”¥ğŸ¤Ÿâ¤ï¸â¤ï¸â¤ï¸â¤ï¸â¤ï¸â¤ï¸
KGn-erOG-Bs,"Still thinking.... ğŸ¤” 
What is this Laal pari ??
Ps. Anyone can help"
KGn-erOG-Bs,Kuch log kah rhe the ki comeback nhi ho rha ab industry se gayab kar diya yoo yoo neğŸ˜‚ğŸ˜‚ğŸ˜‚
KGn-erOG-Bs,Let's go Housefull 5 ğŸ”¥
KGn-erOG-Bs,"*60 MILLION COMPLETE* â¤
*NEXT TARGET 100 MILLION* ğŸ˜"
KGn-erOG-Bs,"*Mera ranjha bottle kholega*
*Koi na beech mein bolega*
*Chahe mujhko gaal padi*
*Mangwa do phir bhi laal pari* â¤"
KGn-erOG-Bs,Nice song ğŸ˜»ğŸ˜»ğŸ˜»
KGn-erOG-Bs,ğŸ˜ˆğŸ˜ğŸ«¦ğŸ‘…ğŸ‘„
KGn-erOG-Bs,â¤â¤
KGn-erOG-Bs,Yoyoâ¤â¤â¤
KGn-erOG-Bs,Honey sing is back ğŸ‰â¤
KGn-erOG-Bs,42k like kam pad rhe hai 1M me karva do guysâ¤
KGn-erOG-Bs,ğŸ”¥â™¥ï¸ğŸ”¥ğŸ”¥ğŸ”¥â™¥ï¸ğŸ”¥â™¥ï¸â™¥ï¸â™¥ï¸â™¥ï¸
KGn-erOG-Bs,Jacqueline and saudarya moves...OMG01:42ğŸ”¥ğŸ”¥ğŸ”¥ğŸ”¥ğŸ”¥
KGn-erOG-Bs,Lal pariğŸ˜®ğŸ˜®
KGn-erOG-Bs,â¤â¤â¤â¤
KGn-erOG-Bs,Mkc.     Yo yoo
KGn-erOG-Bs,Tapasya karni padegi laal pari ke liye ğŸ˜…ğŸ˜‚
KGn-erOG-Bs,à¤®à¥à¤à¥‡ à¤­à¥€ à¤šà¤¾à¤¹à¤¿à¤ à¤²à¤¾à¤² à¤ªà¤°à¥€â¤
KGn-erOG-Bs,à¤²à¤¾à¤² à¤ªà¤°à¥€ â¤
KGn-erOG-Bs,à¤²à¤¾à¤² à¤ªà¤°à¥€ â¤
KGn-erOG-Bs,à¤²à¤¾à¤² à¤ªà¤°à¥€ â¤
KGn-erOG-Bs,Pari pari â¤ à¤²à¤¾à¤² à¤ªà¤°à¥€ â¤
KGn-erOG-Bs,20 ko kon kon dekh raha hai
KGn-erOG-Bs,ğŸ”¥ğŸ”¥ğŸ”¥ğŸ”¥
KGn-erOG-Bs,â¤â¤â¤
KGn-erOG-Bs,â¤â¤â¤â¤â¤â¤â¤â¤â¤â¤â¤â¤â¤â¤â¤â¤â¤â¤â¤â¤â¤â¤
KGn-erOG-Bs,Ye honey Singh à¤œà¤¾à¤¨à¤µà¤° à¤¹à¥ˆ singers ka carrier khaa raha hai ğŸ˜¢ğŸ˜¢ğŸ˜¢
KGn-erOG-Bs,Vitalik u know who
KGn-erOG-Bs,0:25â¤â¤â¤â¤â¤â¤
KGn-erOG-Bs,0:26â¤â¤â¤â¤
KGn-erOG-Bs,I love this one HAHAHAH
KGn-erOG-Bs,à¤­à¤¾à¤ˆ à¤®à¥‡à¤°à¤¾ à¤•à¤®à¥‡à¤‚à¤Ÿ à¤ªà¤¿à¤¨ à¤•à¤° à¤¦à¥‹ à¤ªà¥à¤²à¥€à¤œ
KGn-erOG-Bs,Mangwado ham ko pani puri ğŸ˜‚ğŸ˜‚ğŸ˜‚
KGn-erOG-Bs,shout out to simran kaur ğŸ˜ğŸ˜ for taking whole song on next level
KGn-erOG-Bs,Jio lal pari so nice song jio honney singh â™¥ï¸â™¥ï¸â™¥ï¸â™¥ï¸
KGn-erOG-Bs,How many of you first listen as Mera Ganja botal kholega :D
KGn-erOG-Bs,Lal pari... Nice song ğŸ˜®ğŸ˜®ğŸ‰ğŸ‰
KGn-erOG-Bs,Yo Yo
KGn-erOG-Bs,Disaster ğŸ¤®
KGn-erOG-Bs,0:39
KGn-erOG-Bs,0:32 0:32 0:32 0:33
KGn-erOG-Bs,ğŸ‰ğŸ‰ğŸ‰ğŸ‰ğŸ‰ğŸ‰
KGn-erOG-Bs,20230 tending song ğŸ‰
KGn-erOG-Bs,Aajkal badshah bhai nhi dikhai de rahağŸ˜‚ğŸ˜‚ğŸ˜‚ğŸ˜‚
KGn-erOG-Bs,Yeah
KGn-erOG-Bs,ÙƒÙ…Ù…ÙƒÙƒÙ…ÙƒÙƒÙƒ ÙƒÙ…Ù…ÙƒÙƒÙ…ÙƒÙƒÙƒ ÙƒÙƒÙ…ÙƒÙƒÙ…ÙƒÙƒÙƒÙƒ
KGn-erOG-Bs,Laal pari means?
KGn-erOG-Bs,ğŸ‰ğŸ‰ğŸ‰
KGn-erOG-Bs,fuckin hot moves jack have ğŸ¤¤ğŸ¤¤ğŸ¤¤ yoooh sick ğŸ’¦
KGn-erOG-Bs,ğŸ¤©ğŸ‘ŒğŸ»ğŸ‘ŒğŸ»
KGn-erOG-Bs,Yo yo only â¤â¤â¤â¤â¤â¤â¤â¤
KGn-erOG-Bs,AwesomeğŸ‘ğŸ‘ğŸ‘ğŸ‘ğŸ‘ğŸ‘
KGn-erOG-Bs,"Sound kam ho gya ab audio ka ğŸ¥²
Kis kis ne notice kiya"
KGn-erOG-Bs,yo yo is backâ¤
KGn-erOG-Bs,Next target 60 mn ğŸ‰ğŸ‰ğŸ‰
KGn-erOG-Bs,Tikka pok kr rha yoyo amry kaha ho ğŸ˜¢ğŸ˜¢ğŸ˜¢
KGn-erOG-Bs,My friend â¤
KGn-erOG-Bs,â¤
KGn-erOG-Bs,Yo Yo
KGn-erOG-Bs,Old yo yo vibe yr ğŸ”¥ğŸ”¥ğŸ”¥
KGn-erOG-Bs,Anyone 20 mayâ¤ğŸ˜‚
KGn-erOG-Bs,Awesome paaji g
KGn-erOG-Bs,Wah â¤ abhi tak #1 py kamal hai
KGn-erOG-Bs,Yo yo honey Singh â¤ï¸â€ğŸ”¥
KGn-erOG-Bs,Finally old yoyo voice back ğŸ˜¢ğŸ˜¢
KGn-erOG-Bs,ğŸ‰
KGn-erOG-Bs,Yo yo bhi op
KGn-erOG-Bs,Bro i am in love with this song ..also loved the MV .Female singer part is so good And Yo Yo killed with the music. And Sonam Bajwa ..damn she slayed .Her screen presence here ğŸ¤ŒğŸ»â¤ï¸â€ğŸ”¥
KGn-erOG-Bs,â¤
KGn-erOG-Bs,â¤â¤
KGn-erOG-Bs,â¤â¤â¤
KGn-erOG-Bs,â¤â¤â¤â¤
KGn-erOG-Bs,â¤â¤â¤â¤â¤
KGn-erOG-Bs,Yo yo honey Singh â¤â¤
KGn-erOG-Bs,My favorite one yo yoâ¤
KGn-erOG-Bs,à¤¦à¤¾à¤°à¥‚ à¤ªà¥€à¤¨à¥‡ à¤µà¤¾à¤²à¤¾ à¤ªà¤¿à¤¯à¤•à¤° à¤à¤¸à¥‡ à¤—à¤¾à¤¨à¥‡ à¤²à¤¿à¤–à¥‡à¤—à¤¾à¥¤à¥¤ à¤¹à¤®à¤¾à¤°à¥‡ à¤†à¤¨à¥‡ à¤µà¤¾à¤²à¥‡ à¤¬à¤šà¥à¤šà¥‹à¤‚ à¤•à¥‹ à¤¯à¤¹à¥€ à¤¸à¤¿à¤–à¤¾à¤à¤—à¤¾à¥¤à¥¤
KGn-erOG-Bs,â¤â¤â¤
KGn-erOG-Bs,*kon kon ye movie ki raah dekh raha he*
KGn-erOG-Bs,Yo yo honey Singh â¤
KGn-erOG-Bs,Trending no 1 pr laao yoyo ğŸª–ğŸª–
KGn-erOG-Bs,Awesome ğŸ˜ğŸ’¯ â¤ğŸ‰ majÃ  gya â¤ song me. Meâ¤â¤
KGn-erOG-Bs,That lady voice make this song  another level
KGn-erOG-Bs,Subscribe kar do
KGn-erOG-Bs,Miss Neha Kakkar â¤
KGn-erOG-Bs,Yoyo bhai always tranding ğŸ‰â¤
KGn-erOG-Bs,Koi female singer ko ğŸ‰ğŸ‰
KGn-erOG-Bs,"Who is watching in 2025â“
ğŸ‘‡"
KGn-erOG-Bs,Koi yo yo ko samjhao
KGn-erOG-Bs,Yo yo honey singh
KGn-erOG-Bs,2:01 yo yo vibe â¤ğŸ’¥ğŸ”¥â¤ï¸â€ğŸ”¥
KGn-erOG-Bs,Hi
KGn-erOG-Bs,"Yo yo Paaji you're extreme level rapper 
Love from Arunachal Pradesh"
KGn-erOG-Bs,â¤â¤â¤â¤
KGn-erOG-Bs,â¤â¤â¤
KGn-erOG-Bs,Trending ğŸ”¥ğŸ¤™ğŸ»
KGn-erOG-Bs,â¤â¤â¤â¤â¤â¤â¤â¤
KGn-erOG-Bs,"Old honey singh is back â¤â¤â¤
Big fanğŸª­ğŸª­ğŸª­"
KGn-erOG-Bs,Baap Of Music Industry Wapis apne roop me aagaya h Yo Yo Honey Singaaa!ğŸ¤ŸğŸ˜
KGn-erOG-Bs,Chitrangdha singh kitni sundar lg rhi yaar
KGn-erOG-Bs,Thanks for 10o subscriberğŸ˜®
KGn-erOG-Bs,â™¥ï¸â™¥ï¸â™¥ï¸ğŸ’•ğŸ’•ğŸ’•
KGn-erOG-Bs,ğŸ˜…ğŸ˜Š
KGn-erOG-Bs,geoooo yoyooğŸ˜
KGn-erOG-Bs,1 ghante pahle suna aur  ab fir se a GayağŸ˜‚ğŸ˜…
KGn-erOG-Bs,DHH ka baap yo yo â¤ğŸ‰
KGn-erOG-Bs,Nonsense song
KGn-erOG-Bs,Amazing ğŸ˜
KGn-erOG-Bs,Kon Kon single haa
KGn-erOG-Bs,Laal pari kya hui ğŸ¤”ğŸ¤”ğŸ¤”
KGn-erOG-Bs,Lal pari...red label...ğŸ˜‚ğŸ˜‚ğŸ˜‚
KGn-erOG-Bs,old vibe a fter a really long time
KGn-erOG-Bs,One bottle down 2.0 coming soon!!!!!
KGn-erOG-Bs,Blockbuster â¤
KGn-erOG-Bs,Nice look song ğŸ€
KGn-erOG-Bs,Agle 7 saal frse ğŸ˜‚ğŸ˜‚ğŸ˜‚â¤â¤â¤ Honey Singh â¤ğŸ‰ğŸ˜Š
KGn-erOG-Bs,"58 M views ğŸ’¥ 
954 K like ğŸ’¥
Trending #2 M"
KGn-erOG-Bs,Lal pari honey paji ko 21 topo ki salami lal parâ¤â¤â¤â¤ğŸ˜Š
KGn-erOG-Bs,ğŸ”¥ğŸ”¥ğŸ”¥ğŸ”¥
KGn-erOG-Bs,feel old honey Singh voice ğŸ˜…
KGn-erOG-Bs,"All time block booster.... ğŸ˜… 
... ğŸ‘Œ super party song ğŸµ"
KGn-erOG-Bs,Awesome ğŸ‘Œ yo yo honey Rock ğŸ‰
KGn-erOG-Bs,Like krdo nhi to fail exam mai maa ksmğŸ¥¸
KGn-erOG-Bs,Raja ğŸ˜‚ konsi bottle ğŸ¼ kholygağŸ˜…
KGn-erOG-Bs,â¤ï¸â¤ï¸â™¥ï¸â™¥ï¸â™¥ï¸â£ï¸â­â­â­ğŸ‘ŒğŸ«°
KGn-erOG-Bs,Bigg Boss 13 ki contestant Soundarya sharma kis kis ko dikhai diya h like kre ğŸ‘†ğŸ‘ğŸ‘
KGn-erOG-Bs,Old Era is back ğŸ—¿ğŸ—¿
KGn-erOG-Bs,YO YO HONEY SINGH DAY BY DAY ğŸ“ˆğŸ“ˆ
KGn-erOG-Bs,OG â¤
KGn-erOG-Bs,ğŸ˜‚ğŸ˜‚ğŸ˜‚ğŸ˜‚ğŸ˜‚
KGn-erOG-Bs,Soundarya â¤â¤â¤
KGn-erOG-Bs,yo yo honey singh
KGn-erOG-Bs,Old yo yo pajiğŸ”¥ğŸ”¥
KGn-erOG-Bs,Yo yo honey Singh ğŸ¤˜ğŸ˜ğŸ¤
KGn-erOG-Bs,Superb song pajji â¤â¤
KGn-erOG-Bs,hera feri 3 kab ayega babu vai
KGn-erOG-Bs,*Mangwa do mujhe lal Pariâ¤â¤â¤ğŸ‰ğŸ‰*
KGn-erOG-Bs,Top of the yearâ¤â¤
KGn-erOG-Bs,â¤
KGn-erOG-Bs,Where is yoyo paji
KGn-erOG-Bs,@Shoan_47 ğŸ˜‚lal Pari
KGn-erOG-Bs,Awesome laal pari ğŸ‰ğŸ‰ğŸ‰
KGn-erOG-Bs,"Yo Yo just reloaded ğŸ˜ğŸ‘‘"""
KGn-erOG-Bs,Jhat barabar lyrics meaning only for video viewa agya man lo dost jis gana ke hook pe honey Singh ko tm pasand krte he wo ab lout ke nyy ane wlaa that too claimed by other singer ki unka likha hua h ğŸ¥²
KGn-erOG-Bs,Hard to delex ğŸ˜‚
KGn-erOG-Bs,Old vibes
KGn-erOG-Bs,Back honey Singh ğŸ‰ğŸ‰ğŸ‰
KGn-erOG-Bs,Kon kon 2030 me sun rha haiğŸ˜…
KGn-erOG-Bs,Song is amazing
KGn-erOG-Bs,ğŸ˜…ğŸ˜ŠğŸ˜…â˜ºï¸ğŸ˜†ğŸ˜…
KGn-erOG-Bs,Yoyo â¤â¤
KGn-erOG-Bs,Hii
KGn-erOG-Bs,ğŸ‰ğŸ‰
KGn-erOG-Bs,"Brain: bas kar ja or kitna sunega 
Heart: bas ek bar or 
 
Honey singh âŒ goatâœ…"
KGn-erOG-Bs,Yo I'd I'll if
KGn-erOG-Bs,ğŸ˜‚ğŸ˜‚ğŸ˜‚â¤
KGn-erOG-Bs,Abe pure song surf lal pri se bhara ho bska songğŸ˜‚ğŸ˜‚
KGn-erOG-Bs,Is this a song Bollywood is seriously getting shitting with passing timeğŸ˜‚ğŸ˜‚ğŸ˜‚
KGn-erOG-Bs,Honey paji nai ruk raha ab to ğŸ˜‚ğŸ˜‚ğŸ¤£
KGn-erOG-Bs,ğŸ‘ŒğŸ‘ŒğŸ‘ŒğŸ‘ŒğŸ‘ŒğŸ‘ŒğŸ‘ŒğŸ‘ŒğŸ‘Œ
KGn-erOG-Bs,This is amazing  LAAL PARI   NO 1 TRENDING â¤â¤ğŸ‰Song
KGn-erOG-Bs,Yoyo ğŸ‰
KGn-erOG-Bs,Saundarya looking best here â¤
KGn-erOG-Bs,àª²àª¾àª² àªªàª°à«€
KGn-erOG-Bs,Jay mahakal Baba
KGn-erOG-Bs,ğŸ‰ğŸ‰
KGn-erOG-Bs,TRENDING 1 PE LAOO GUYSS DUBARAğŸ˜Š
KGn-erOG-Bs,Itne logon ne agar Prashant Tripathi ko dekha hota toh Kitna kuchh better ho sakta tha ğŸ˜…ğŸ˜‚ğŸ˜‚
KGn-erOG-Bs,16 days continuous trending 1ğŸ‘‘
KGn-erOG-Bs,Cru dg dg di vej xsg qu eg. Fh eg ir nhi infh dg fh di! Ch t ch gq fh eg gk dha; ft c gyfh fg kfb jrv frock V V; vh vhh eyi! V bjbtyvty V; v h! Har kg ho gaya gya ga tur. Ivory ka! Vb
KGn-erOG-Bs,Push it for #1 again ğŸ˜¢ğŸ˜¢ğŸ˜¢ğŸ˜¢ğŸ˜¢ğŸ˜¢ğŸ˜¢
KGn-erOG-Bs,1:40
KGn-erOG-Bs,ğŸ‰ğŸ‰ğŸ‰
KGn-erOG-Bs,19 may 25ğŸ¤š
KGn-erOG-Bs,Yo yo honey singh ne lyrics likhe after so long just wow â¤â¤â¤â¤â¤â¤
KGn-erOG-Bs,Kehendi yo yo honey singha â¤
KGn-erOG-Bs,@kathakahanikavita
KGn-erOG-Bs,â¤â¤â¤ğŸ‰ğŸ‰ğŸ‰ğŸ‰
KGn-erOG-Bs,AwesomeğŸ‘ğŸ‘ğŸ‘ğŸ‘ğŸ‘ğŸ‘
KGn-erOG-Bs,100 MILLION kraoo guyssâ¤ğŸ‰
KGn-erOG-Bs,ğŸ‘
KGn-erOG-Bs,Yo yo gn gi hai
KGn-erOG-Bs,Sonam is â¤
KGn-erOG-Bs,"Chakko chakko chakko yaaro ""laal pari"" aaj to jeelo aaj to jeelo kal ki hai kisko padiğŸ”¥ğŸ”¥ğŸ”¥ğŸ·"
KGn-erOG-Bs,Sala hindi movis  ab dekhane Layak nahi hai Sala ye samaj me gandgi kar ragi hai
KGn-erOG-Bs,58âœ…ï¸
KGn-erOG-Bs,Honey â¤â¤
KGn-erOG-Bs,May Youtube hu
KGn-erOG-Bs,Nai puwa nai
KGn-erOG-Bs,Lal pari Lal pari â¤
KGn-erOG-Bs,Yo yo honey Singh â¤
KGn-erOG-Bs,â¤â¤
KGn-erOG-Bs,Yrr dream 11 ka adğŸ˜¡ paresan kiya haiğŸ˜¡ğŸ˜¡ğŸ˜¡ğŸ˜¡
KGn-erOG-Bs,"Paji yo,yo â¤â¤â¤â¤"
KGn-erOG-Bs,@_masti_423_short
KGn-erOG-Bs,So beautiful â¤ï¸
KGn-erOG-Bs,Very very nice ğŸ‰â¤
KGn-erOG-Bs,1 million likes soon
KGn-erOG-Bs,ğŸ˜…laal pari= Red lebelğŸ·ğŸ·
KGn-erOG-Bs,"Yo Yo Honey is back with wonderful song. And female vocalist lifted this song upper levelğŸ“ˆ

Kudi kehndi yo yo honey singağŸ¤ŸğŸ¤Ÿ"
KGn-erOG-Bs,Yoyo paaji ğŸ˜ğŸ’ğŸ”
KGn-erOG-Bs,ğŸ˜i  am from Punjab police
KGn-erOG-Bs,Kya hi song hai bhaiâ¤
KGn-erOG-Bs,ğŸ¤©vibe to aaraha hai ab
KGn-erOG-Bs,â¤kendi yo yo honey singha
KGn-erOG-Bs,Yo yo honey Singh is back
KGn-erOG-Bs,Kuchh v gaa rha hai honey bhai old wala version lao yarrr
KGn-erOG-Bs,Only dance o
KGn-erOG-Bs,0:12 ğŸ’¯ğŸ”¥
KGn-erOG-Bs,Good ğŸ‘ğŸ‘ğŸ‘ğŸ‘
KGn-erOG-Bs,Muje to ye lagra hai ananya ka baap chunkery pandey hai killer
KGn-erOG-Bs,Yo yo â¤
KGn-erOG-Bs,Bluetooth era is back â¤â¤
KGn-erOG-Bs,Trending 1â¤still
KGn-erOG-Bs,Yo yo honey singh â¤
KGn-erOG-Bs,@Ekanshkids-xw7eb
KGn-erOG-Bs,Laal pari laal para sab sunn rhe hai yeh song ğŸ˜‚â¤
KGn-erOG-Bs,Hai gamri laga Tha bgm son ke ğŸ’€
KGn-erOG-Bs,Baaap of alll
KGn-erOG-Bs,14days trending oneâ¤
KGn-erOG-Bs,Best song
KGn-erOG-Bs,â¤â¤â¤â¤â¤
KGn-erOG-Bs,â¤â¤â¤â¤
KGn-erOG-Bs,â¤â¤â¤
KGn-erOG-Bs,â¤â¤
KGn-erOG-Bs,Omg ğŸ˜±
KGn-erOG-Bs,Allready Blockbuster Ho Gaya ğŸ—¿ğŸ—¿
KGn-erOG-Bs,sonam bajwa in honey paji song
KGn-erOG-Bs,Aavade aavadeğŸ‰ğŸ‰ğŸ‰ğŸ‰ğŸ‰
KGn-erOG-Bs,2:01
KGn-erOG-Bs,king
KGn-erOG-Bs,Wiggle wiggle wiggle
KGn-erOG-Bs,Wiggle wiggle wiggle
KGn-erOG-Bs,AwesomeğŸ‘ğŸ‘ğŸ‘ğŸ‘ğŸ‘ğŸ‘ğŸ‘
KGn-erOG-Bs,100 million cross karwao bhai log 1 month ke andar â¤â¤
KGn-erOG-Bs,Box office collection ğŸ“ˆğŸ“ˆ
KGn-erOG-Bs,Sanjay dutt ğŸ¤˜ğŸ¤˜ğŸ¤ 
KGn-erOG-Bs,ğŸ‰ğŸ‰
KGn-erOG-Bs,0:16 Jacqueline Fernandez ........ğŸ¥¶
KGn-erOG-Bs,Kudos to Simar Kaur and Yo Yo Honey Singh
KGn-erOG-Bs,Yo yo honey always â¤
KGn-erOG-Bs,à¤¬à¤¿à¤¸à¥à¤¤à¤° à¤ªà¤° à¤²à¥‡à¤Ÿ à¤•à¤° à¤•à¥Œà¤¨ à¤•à¥Œà¤¨ à¤¦à¥‡à¤– à¤°à¤¹à¥‡ à¤¹à¥‹ ğŸ˜‚â¤ğŸ˜‚ğŸ˜®
KGn-erOG-Bs,Yoyo honey Singh ğŸ”¥ğŸ¦ğŸ’¯ğŸ’¯ğŸ’¯
KGn-erOG-Bs,Old honey sing back
KGn-erOG-Bs,Honey Singh ğŸ¤©ğŸ¤©
KGn-erOG-Bs,â¤â¤
KGn-erOG-Bs,Only Jacqueline nd sonam bajwa giving justice to acting nd the song
KGn-erOG-Bs,â¤â¤
KGn-erOG-Bs,â¤â¤
KGn-erOG-Bs,â¤â¤
KGn-erOG-Bs,â¤â¤
KGn-erOG-Bs,â¤â¤
KGn-erOG-Bs,â¤â¤
KGn-erOG-Bs,â¤â¤
KGn-erOG-Bs,Very nice song
KGn-erOG-Bs,16 day's still on Trending #1âš¡
KGn-erOG-Bs,Yo yo honey Singh is the best ğŸ‘Œ0:59
KGn-erOG-Bs,Ya ha key lal pari ğŸ˜œğŸ˜—ğŸ˜‰
KGn-erOG-Bs,Abhishek bachan fans please comeğŸ‰
KGn-erOG-Bs,The next level song h yrr
KGn-erOG-Bs,Mood bana diya ğŸ¥‚
KGn-erOG-Bs,ApnaYoYo Sabka YoYo Back to Back hitsğŸ—¿
KGn-erOG-Bs,0:08 this line was litğŸ”¥ğŸ”¥
KGn-erOG-Bs,Thankyou for 1k subscribe ğŸ‰â¤
KGn-erOG-Bs,Ismein villain Jacky Shroff hai
KGn-erOG-Bs,Thank You For 1 Subscribe ğŸ˜¢
KGn-erOG-Bs,"à¤•à¤¿à¤¤à¤¨à¥‡ à¤²à¥‹à¤— à¤¸à¤¹à¤®à¤¤ à¤¹à¥ˆ à¤•à¤¿ à¤…à¤¬ POK à¤²à¥‡à¤¨à¥‡ à¤•à¤¾ à¤¸à¤®à¤¯ à¤† à¤—à¤¯à¤¾

à¤¹à¥ˆ à¤œà¤¯ à¤¹à¤¿à¤‚à¤¦ à¤œà¤¯ à¤­à¤¾à¤°à¤¤"
KGn-erOG-Bs,Og songâ¤â¤â¤
KGn-erOG-Bs,Lal pari 2 ğŸ‰
KGn-erOG-Bs,Awesome mind blowing fantastic yo yo Honey Singh lovely singer oh my God
KGn-erOG-Bs,Yoyo ne pure bollywood ko dance kara diya ek song me â¤â¤â¤ 0:41
KGn-erOG-Bs,Yo yo honey singhâ¤
KGn-erOG-Bs,Comments karte raho bhai log
KGn-erOG-Bs,Yo yo honey Singh ğŸ”¥ğŸ”¥ğŸ”¥ğŸ”¥ğŸ‘‘
KGn-erOG-Bs,Yo yo
KGn-erOG-Bs,â¤â¤â¤â¤â¤â¤â¤ yoyo honey Singh legend paji thoko like you to be happy ğŸ˜â¤â¤â¤â¤â¤â¤â¤
KGn-erOG-Bs,Yo yo honey Singh ğŸ˜
KGn-erOG-Bs,Yo yo yo yo up up up up
KGn-erOG-Bs,Thanks for 700 subscribers â¤ğŸ‰
KGn-erOG-Bs,ğŸ˜®
KGn-erOG-Bs,Viral yo yo âš¡ğŸ’€
KGn-erOG-Bs,Ma Kasam hai jisne subscribe nahi kiya vo exam me fail hogağŸ˜‚ğŸ˜‚
KGn-erOG-Bs,Sonammmmâ¤â¤â¤
KGn-erOG-Bs,Put your handsup ğŸ™Œ
KGn-erOG-Bs,"Be ready for yo yo paji comeback ......
Bigger than GTA 6 ...."
KGn-erOG-Bs,Lal pari 1:45
KGn-erOG-Bs,"10:30 am
2025
0183
Mon, may 19"
KGn-erOG-Bs,17 days and still no1 trending
KGn-erOG-Bs,1:57 best
KGn-erOG-Bs,ğŸ”¥ğŸ”¥ğŸ”¥ğŸ”¥ğŸ”¥ğŸ”¥ğŸ”¥ğŸ”¥ğŸ”¥
KGn-erOG-Bs,1:42 ğŸ”¥
KGn-erOG-Bs,ğŸ¤”ğŸ¤”ğŸ¤”ğŸ¤”ğŸ¤”ğŸ§¡ğŸ§¡ğŸ§¡ğŸ‘ğŸ‘ğŸ‘ˆğŸ‘ˆ
KGn-erOG-Bs,Hii
KGn-erOG-Bs,19/05/2025 me kon dekh raha h song ko like kro or batao â¤â¤â¤
KGn-erOG-Bs,Yo yo honey singh in the house bby â¤
KGn-erOG-Bs,What a Vibe ylll ğŸ˜¯ YO YO SIR IS ğŸ”¥ğŸ”¥ğŸ”¥
